Tie Me Up! Tie Me Down!;Comedy;Almodóvar, Pedro;1990;111;68;No
High Heels;Comedy;Almodóvar, Pedro;1991;113;68;No
Dead Zone, The;Horror;Cronenberg, David;1983;104;79;No
Cuba;Action;Lester, Richard;1979;122;6;No
Days of Heaven;Drama;Malick, Terrence;1978;94;14;No
Octopussy;Action;Glen, John;1983;140;68;No
Target Eagle;Action;Loma, José Antonio de la;1984;101;14;No
American Angels: Baptism of Blood, The;Drama;Sebastian, Beverly;1989;99;28;No
Subway;Drama;Besson, Luc;1985;104;6;No
Camille Claudel;Drama;Nuytten, Bruno;1990;149;32;No
Fanny and Alexander;Drama;Bergman, Ingmar;1982;188;81;Yes
Tragedy of a Ridiculous Man;Drama;Bertolucci, Bernardo;1982;117;17;No
A Man & a Woman;Drama;Lelouch, Claude;1966;103;46;Yes
A Man & a Woman: Twenty Years Later;Drama;Lelouch, Claude;1986;112;49;No
Un Hombre y una Mujer;Drama;Lelouch, Claude;1966;103;6;Yes
Official Story, The;Drama;Puenzo, Luiz;1985;112;39;Yes
Lindbergh Kidnapping Case, The;Drama;Kulik, Buzz;1976;150;51;No
Blackmail;Mystery;Hitchcock, Alfred;1929;84;2;No
Donovans Reef;Comedy;Ford, John;1963;109;62;No
Tucker: The Man & His Dream;Drama;Coppola, Francis Ford;1988;110;68;No
Scrooged;Comedy;Donner, Richard;1988;101;15;No
Raiders of the Lost Ark;Action;Spielberg, Steven;1981;116;8;No
Running Man, The;Science Fiction;Glaser, Paul Michael;1987;101;31;No
Predator 2;Action;Hopkins, Stephen;1991;105;79;No
Colors;Drama;Hopper, Dennis;1988;127;23;No
Zandalee;Drama;Pillsbury, Sam;1990;97;80;No
Miles from Home;Drama;Sinise, Gary;1988;108;53;No
Happy Birthday to Me;Horror;Thompson, J. Lee;1980;;88;No
Final Notice;Mystery;Stern, Steven Hilliard;1989;88;88;No
Quintet;Drama;Altman, Robert;1979;110;19;No
Devils Eye, The;Drama;Bergman, Ingmar;1960;90;20;No
Wild Strawberries;Drama;Bergman, Ingmar;1957;91;42;Yes
Seventh Seal, The;Drama;Bergman, Ingmar;1956;96;62;No
Germicide;Drama;;1992;90;36;No
Dreams;Drama;Bergman, Ingmar;1955;86;14;No
Naked Night, The;Drama;Bergman, Ingmar;1955;95;38;No
Through a Glass Darkly;Drama;Bergman, Ingmar;1962;91;64;Yes
Cries & Whispers;Drama;Bergman, Ingmar;1972;91;18;Yes
Barbarian & the Geisha, The;Action;Huston, John;1958;104;52;No
Casino Royale;Comedy;Hughes, Ken;1967;130;11;No
Dr. No;Action;Young, Terence;1962;;7;No
Elephant Walk;Drama;;1954;103;11;No
Ten;Comedy;Edwards, Blake;1979;121;60;No
Man Who Loved Women, The;Comedy;Edwards, Blake;1983;118;67;No
Hawaii;Drama;Hill, George Roy;1966;190;8;No
Torn Curtain;Mystery;Hitchcock, Alfred;1966;125;35;No
Duet for One;Drama;Konchalovsky, Andrei;1986;107;82;No
Sound of Music, The;Music;Wise, Robert;1965;172;59;Yes
Gonzo Presents Muppet Weird Stuff;Comedy;;1985;55;88;No
Tartuffe;Comedy;Depardieu, Gérard;1984;140;67;No
A New Life;Comedy;Alda, Alan;1988;104;53;No
Magic;Mystery;Attenborough, Richard;1978;106;85;No
Tommy;Music;Russell, Ken;1992;286;5;No
Big Fix, The;Mystery;Kagan, Jeremy Paul;1978;108;19;No
Alan & Naomi;Drama;Vanwagenen, Sterling;1992;95;3;No
Fatal Attraction;Mystery;Lyne, Adrian;1987;120;61;No
Patriot Games;Action;Noyce, Phillip;1992;117;28;No
Woman Next Door, The;Drama;Truffaut, François;1981;106;82;No
Hunting;Mystery;Howson, Frank;1992;97;68;No
Bataan;War;;1991;115;68;No
Siegfried, The Nibelungenlied;Drama;Lang, Fritz;1924;110;79;No
Henry, Portrait of a Serial Killer;Horror;;1991;90;69;No
Big Blue, The;Drama;Besson, Luc;1988;118;7;No
Flight of the Intruder;Drama;Milius, John;1991;115;51;No
Nobodys Fool;Comedy;Purcell, Evelyn;1986;108;52;No
After Hours;Comedy;Scorsese, Martin;1985;97;81;No
Desperately Seeking Susan;Comedy;Seidelman, Susan;1985;104;41;No
A New Leaf;Comedy;May, Elaine;1971;102;83;No
Killers of Kilimanjaro;Action;Thorpe, Richard;1959;91;11;No
Don Juan;Action;Crosland, Alan;1926;126;55;No
Babettes Feast;Drama;Axel, Gabriel;1987;102;79;Yes
Vincent, Francois, Paul & the Others;Drama;;1989;118;20;No
Thunderball;Action;Young, Terrence;1988;141;8;No
Lodger (Story of the London Fog);Mystery;Hitchcock, Alfred;1926;66;76;No
Appointment with Death;Mystery;Donaggio, Michael Winner;1988;103;75;No
Murder on the Orient Express;Mystery;Lumet, Sidney;1974;128;8;Yes
Blood Alley;War;Wellman, William;1955;115;15;No
Spy Who Loved Me, The;Action;Gilbert, Lewis;1977;136;27;No
Storm;Action;Winning, David;1988;100;61;No
Bloodbath;Horror;;1991;89;37;No
Miami Cops;Action;Bradley, Al;1989;103;40;No
Island of Dr. Moreau, The;Horror;Frankenheimer, John;1996;96;39;No
Eighty-Four Charing Cross Road;Drama;Jones, David;1992;100;9;No
Elephant Man, The;Drama;Lynch, David;1980;124;3;Yes
Dr Alien;Science Fiction;DeCoteau, David;1988;90;70;No
Creepshow;Horror;Romero, George A.;1982;120;70;No
Sammy & Rosie Get Laid;Drama;Frears, Stephen;1987;100;6;No
Goalies Anxiety at the Penalty Kick, The;Drama;Wenders, Wim;1971;101;62;No
Mademoiselle Striptease;Comedy;Allegret, Marc;1957;99;25;No
Women, The;Drama;Aurel, Jean;1969;86;66;No
That Naughty Girl;Comedy;Boisrond, Michel;1958;77;37;No
Voulez-Vous Danser Avec Moi?;Comedy;Boisrond, Michel;1959;90;16;No
A Coeur Joie, (Head Over Heels);Action;Bourguignon, Serge;1967;100;54;No
Shalako;Westerns;Dmytryk, Edward;1968;113;0;No
Contempt;Drama;Godard, Jean-Luc;1964;102;81;No
Dear Brigitte;Comedy;Koster, Henry;1965;100;71;No
A Very Private Affair;Drama;Malle, Louis;1962;134;30;No
Ravishing Idiot, The;Comedy;Molinaro, Edouard;1964;99;34;No
Bride Is Much Too Beautiful, The;Comedy;Surin, Fred;1958;90;70;No
Doctor at Sea;Comedy;Thomas, Ralph;1955;90;83;No
Le Repos Du Guerrier, (Warriors Rest);War;Vadim, Roger;1962;100;8;No
And God Created Woman;Drama;Vadim, Roger;1957;90;29;No
Ms. Don Juan;Drama;Vadim, Roger;1973;87;39;No
Siesta;Drama;Lambert, Mary;1987;97;48;No
Rich & Strange;Drama;Hitchcock, Alfred;1932;92;57;No
Lionheart;Action;Schaffner, Franklin J.;1987;104;9;No
E. T. The Extra-Terrestrial;Science Fiction;Spielberg, Steven;1982;115;8;Yes
Cool World;Drama;Bakshi, Ralph;1992;101;44;No
Nadine;Comedy;Benton, Robert;1988;83;47;No
Batman;Action;Burton, Tim;1989;126;14;No
Blind Date;Comedy;Edwards, Blake;1987;95;7;No
Mother Lode;Action;Heston, Charlton;1982;101;40;No
Final Analysis;Drama;Joanou, Phil;1992;125;50;No
Never Say Never Again;Action;Kershner, Irvin;1983;134;8;No
Nine & a Half Weeks;Drama;Lyne, Adrian;1986;117;7;No
Killjoy;Mystery;Moxey, John Llewellyn;1989;;71;No
No Mercy;Drama;Pearce, Richard;1986;108;11;No
Marrying Man, The;Comedy;Rees, Jerry;1991;116;84;No
Misery;Horror;Reiner, Rob;1990;123;48;Yes
Crisis;Drama;Bergman, Ingmar;1946;93;66;No
Samson & Delilah;Drama;Philips, Lee;1984;95;36;No
Act of Piracy;Mystery;;1990;101;74;No
Split Decisions;Drama;Drury, David;1988;96;52;No
Vampires Kiss;Comedy;;1989;103;49;No
Nightmare at Noon;Action;Mastorakis, Nico;1988;96;0;No
Presumed Innocent;Mystery;Pakula, Alan J.;1990;127;69;No
Reap the Wild Wind;Drama;DeMille, Cecil B.;1942;123;59;No
Pocket Money;Comedy;Rosenberg, Stuart;1972;100;55;No
Mary White;Drama;Taylor, Jud;1977;102;2;No
Catch a Rising Star, Tenth Anniversary;Comedy;;1982;;18;No
Guilty by Suspicion;Drama;Winkler, Irwin;1990;105;88;No
Secret Beyond the Door;Mystery;Lang, Fritz;1948;99;31;No
Scarlet Street;Drama;Lang, Fritz;1945;103;80;No
Daffy Ducks Quackbusters;Action;Ford, Greg;1988;76;68;No
Rowlfs Rhapsodies with the Muppets;Comedy;;1985;55;79;No
Gandhi;Drama;Attenborough, Richard;1982;188;7;Yes
Wind & the Lion, The;Action;Milius, John;1975;120;2;No
Carnal Knowledge;Drama;Nichols, Mike;1971;96;10;No
Getting Straight;Comedy;Rush, Richard;1970;126;83;No
Scarlet Letter, The;Drama;Wenders, Wim;1972;90;55;No
Count of Old Town, The;Comedy;Adolphson, Edvin;1935;75;72;No
Autumn Sonata;Drama;Bergman, Ingmar;1978;97;49;Yes
Gaslight;Drama;Cukor, George;1944;114;25;Yes
Indiscreet;Drama;Donen, Stanley;1958;100;1;No
Walpurgis Night;Drama;Edgren, Gustaf;1941;75;32;No
Joan of Arc;Drama;Fleming, Victor;1948;100;7;No
A Woman Called Golda;Drama;Gibson, Alan;1982;195;15;Yes
A Walk in the Spring Rain;Drama;Green, Guy;1969;98;2;No
Under Capricorn;Drama;Hitchcock, Alfred;1949;117;74;No
Notorious;Mystery;Hitchcock, Alfred;1946;101;42;No
June Night;Drama;Lindberg, Per;1940;90;14;No
Goodbye Again;Drama;Litvak, Anatole;1961;120;6;No
Anastasia;Drama;Litvak, Anatole;1956;106;24;Yes
Bells of St. Marys, The;Drama;McCarey, Leo;1945;126;31;No
Intermezzo;Drama;Molander, Gustaf;1937;91;32;No
A Womans Face;Drama;Molander, Gustaf;1938;104;49;No
Swedenhielms;Drama;Molander, Gustaf;1935;90;88;No
Only One Night;Drama;Molander, Gustav;1939;87;26;No
Dollar;Drama;Molander, Gustav;1938;74;19;No
Elena & Her Men;Drama;Renoir, Jean;1956;98;33;No
Europa Fifty-One;Drama;Rossellini, Roberto;1952;110;34;No
Voyage in Italy;Drama;Rossellini, Roberto;1953;83;57;No
Fear;Drama;Rossellini, Roberto;1954;81;69;No
Stromboli;Drama;Rossellini, Roberto;1950;107;69;No
Cactus Flower;Comedy;Saks, Gene;1969;103;67;Yes
Hideaways;Comedy;;1989;105;16;No
Twenty Four Hours in a Womans Life;Drama;;1990;90;16;No
Programmed to Kill;Action;Holzman, Allan;1987;91;71;No
Conan the Barbarian;Action;Milius, John;1982;128;45;No
Raw Nerve;Mystery;Prior, David A.;1991;91;88;No
Think Dirty;Comedy;Clark, Jim;1970;94;31;No
King of Comedy;Drama;Scorsese, Martin;1982;108;84;No
Best of the Big Laff Off, The;Comedy;;1983;60;20;No
Amadeus;Drama;Forman, Milos;1984;158;6;Yes
White Lightning;Action;Sargent, Joseph;1973;101;54;No
Unbearable Lightness of Being, The;Drama;Kaufman, Philip;1988;172;5;Yes
Life & Times of Judge Roy Bean, The;Western;Huston, John;1972;124;65;No
Airport;Drama;Seaton, George;1970;137;0;Yes
Day for Night;Drama;Truffaut, François;1973;116;10;Yes
Secrets of Women;Comedy;Bergman, Ingmar;1952;107;66;No
Burnt Offerings;Horror;Curtis, Dan;1976;116;35;No
Easy Rider;Drama;Hopper, Dennis;1969;94;36;No
Five Easy Pieces;Drama;Rafelson, Bob;1991;98;2;No
Day of the Locust, The;Drama;Schlesinger, John;1974;144;81;No
Goldfinger;Action;Hamilton, Guy;1964;112;77;No
Exorcist II, The Heretic;Horror;Boorman, John;1977;117;29;No
White Lightning;;Bernds, Edward;1953;61;;No
Lady for a Night;Drama;Leigh, Jason;1942;88;12;No
Charly;Drama;Nelson, Ralph;1968;103;38;Yes
High Plains Drifter;Western;Eastwood, Clint;1973;105;57;No
Honkytonk Man;Drama;Eastwood, Clint;1982;123;69;No
Nightbreed;Horror;Barker, Clive;1990;102;72;No
Under the Sun of Satan;Drama;Pialat, Maurice;1987;98;45;No
Vagabond;Drama;Varda, Agnes;1985;105;49;No
Bill Cosby, Live at Harrahs;Comedy;;1993;60;13;No
Monty Python & the Holy Grail;Comedy;Gilliam, Terry;1974;89;83;No
John Cleese on How to Irritate People;Comedy;;1993;65;62;No
Matchmaker, The;Comedy;Anthony, Joseph;1958;101;67;No
For Your Eyes Only;Action;Glen, John;1981;129;86;No
Wings;War;Wellman, William;1928;139;44;Yes
Medicine Man;Action;McTiernan, John;1992;106;6;No
Good Fellas;Drama;Scorsese, Martin;1989;;15;No
Kiss of the Spider Woman;Drama;Babenco, Hector;1985;119;10;Yes
Rookie, THe;Action;Eastwood, Clint;1990;121;48;No
Sting, The;Drama;Hill, George Roy;1973;129;83;Yes
Torpedo Run;War;Pevney, Joseph;1958;96;50;No
Instant Justice;Drama;Rumar, Craig;1986;101;45;No
Cyrano de Bergerac;Drama;Rappeneau, Jean-Paul;1990;135;76;No
Border Street;Drama;Ford, Aleksander;1948;110;73;No
Firehouse;Comedy;Ingvordsen, J. Christian;1987;91;66;No
Morituri;Drama;Wicki, Bernhard;1965;123;9;No
From the Life of the Marionettes;Drama;Bergman, Ingmar;1980;104;58;No
Frantic;Mystery;Polanski, Roman;1988;120;17;No
Coma;Science Fiction;Crichton, Michael;1978;114;64;No
Dead Ringers;Drama;Cronenberg, David;1988;117;29;No
Golden Ninja Invasion;Action;Lambert, Bruce;1988;90;13;No
Exorcist, The;Horror;Friedkin, William;1973;122;28;Yes
Alice Doesnt Live Here Anymore;Comedy;;1975;112;82;Yes
Eyes of the Amaryllis, The;Drama;King Keller, Frederick;1982;94;70;No
What Price Glory?;War;Ford, John;1952;109;4;No
Inauguration of the Pleasure Dome;Short;Anger, Kenneth;1954;40;62;No
School Daze;Comedy;Lee, Spike;1989;114;18;No
End of Innocence, The;Drama;Cannon, Dyan;1990;102;6;No
Anderson Tapes, The;Mystery;Lumet, Sidney;1971;98;1;No
Father Murphy, A Horse from Heaven;Comedy;Claxton, William F.;1983;50;28;No
Skull;Drama;Bergman, Robert;1989;80;19;No
Quick & The Dead, The;Western;Day, Robert;1987;91;40;No
Best Defense;Comedy;Huyck, Willard;1984;94;75;No
Dreamscape;Science Fiction;Ruben, Joseph;1984;99;63;No
Black Rain;Action;Scott, Ridley;1989;125;73;No
8 1/2;Drama;Fellini, Federico;1963;138;80;Yes
One Frightened Night;Horror;Cabanne, Christy;1935;64;33;No
Year My Voice Broke, The;Drama;Duigan, John;1988;103;71;No
Is Paris Burning?;War;Clément, René;1966;175;63;No
QB VII;Drama;Gries, Tom;1974;313;28;Yes
Island of Dr. Moreau, The;Horror;Taylor, Don;1977;104;54;No
Beyond the Limit;Drama;Mackenzie, John;1983;104;51;No
Secret Agent;Mystery;Hitchcock, Alfred;1936;84;50;No
Paramount Comedy Theater: Well-Developed;Comedy;;1986;71;40;No
Big Bust Out, The;Action;Theumer, Ernst R. von;1972;71;50;No
Fourth Protocol, The;Mystery;Mackenzie, John;1987;119;14;No
Gremlins 2: The New Batch;Comedy;Dante, Joe;1990;107;61;No
Fast Times at Ridgemont High;Comedy;Heckerling, Amy;1982;92;65;No
Mannequin;Comedy;Gottlieb, Michael;1987;;23;No
Rabid;Horror;Cronenberg, David;1977;91;34;No
Party, The;Comedy;Edwards, Blake;1990;;32;No
Vampire Raiders, Ninja Queen;Action;Lambert, Bruce;1989;90;15;No
Bloopers from Star Trek;Comedy;;1970;26;22;No
Destroyer;Action;Seiter, William A.;1943;99;87;No
Party Girl;Comedy;Ray, Nicholas;1992;99;85;No
Twin Peaks;Mystery;Lynch, David;1989;113;86;No
Moonstruck;Comedy;Jewison, Norman;1987;103;6;Yes
Witches of Eastwick, The;Comedy;Miller, George;1987;119;8;No
Moonraker;Action;Gilbert, Lewis;1979;128;32;No
Beat Street;Drama;Lathan, Stan;1984;106;72;No
Running Out of Luck;Comedy;;1986;88;16;No
Never on Tuesday;Drama;Rifkin, Adam;1989;90;77;No
Shampoo;Comedy;Ashby, Hal;1975;109;69;Yes
Power;Drama;Lumet, Sidney;1985;111;43;No
Darling;Drama;Schlesinger, John;1965;122;44;Yes
Ugly American, The;Drama;Englund, George;1963;120;63;No
Ambassador Bill;Comedy;Taylor, Sam;1931;68;66;No
Big Trail, The;Western;Walsh, Raoul;1931;110;22;No
Hombre;Western;Ritt, Martin;1967;111;50;No
Coogans Bluff;Action;Siegel, Don;1968;103;57;No
Penn & Teller Get Killed;Comedy;Penn, Arthur;1989;91;12;No
Shy People;Drama;Konchalovsky, Andrei;1987;118;7;No
Its My Turn;Comedy;Weill, Claudia;1980;91;0;No
Dangerous Liaisons;Drama;Frears, Stephen;1988;119;77;No
Reversal of Fortune;Drama;Schroeder, Barbet;1990;111;73;Yes
Meeting Venus;Comedy;Szabó, István;1991;119;74;No
Tomorrow Is Forever;Drama;;1946;105;65;No
Like Father Like Son;Comedy;Daniel, Rod;1987;101;20;No
Rope;Drama;Hitchcock, Alfred;1948;81;39;No
Road to Hong Kong;Comedy;Panama, Norman;1962;91;37;No
Shirley Valentine;Comedy;Gilbert, Lewis;1989;108;51;No
City of Joy;Drama;Joffe, Roland;1992;135;87;No
Appaloosa, The;Western;Furie, Sidney J.;1966;99;15;No
Seven Minutes in Heaven;Comedy;Feferman, Linda;1986;88;49;No
Hearts of Darkness, A Filmmakers Apocalypse;Drama;Bahr, Fax;1991;96;72;No
Tonight for Sure;Comedy;Coppola, Francis Ford;1961;66;4;No
White Hunter, Black Heart;Adventure;Eastwood, Clint;1990;110;66;No
Sundays & Cybele;Drama;Bourguignon, Serge;1962;110;11;Yes
Puppet Master;Science Fiction;Schmoeller, David;1989;90;20;No
Night Gallery;Horror;Spielberg, Steven;1991;95;31;No
Pet Sematary;Horror;Lambert, Mary;1989;103;27;No
Americas Music, Gospel;Music;Walton, Kip;1992;60;13;No
Slap Shot;Comedy;Hill, George Roy;1977;123;82;No
O. C. & Stiggs;Comedy;Altman, Robert;1987;109;3;No
A Fish Called Wanda;Comedy;Crichton, Charles;1988;108;7;Yes
A Lesson in Love;Comedy;Bergman, Ingmar;1954;96;48;No
Brink of Life;Drama;Bergman, Ingmar;1957;82;57;No
Betty Blue;Drama;Beineix, Jean-Jacques;1986;120;71;No
Hair;Music;Forman, Milos;1979;122;67;No
National Lampoons Christmas Vacation;Comedy;S, Jeremiah;1989;97;81;No
Dersu Uzala, (The Hunter);Adventure;Kurosawa, Akira;1974;124;81;Yes
Alice;Comedy;Allen, Woody;1990;106;22;No
Fifth Floor, The;Mystery;Avedis, Howard Hikmet;1980;90;74;No
Snow Kill;Drama;Wright, Thomas J.;1990;94;35;No
People, The;Drama;Coppola, Francis Ford;1971;74;36;No
True Grit;Western;Hathaway, Henry;1969;128;77;Yes
Battle of Midway, The;War;Ford, John;1942;18;75;No
Three Godfathers;Western;Ford, John;1948;103;72;No
Hush, Hush, Sweet Charlotte;Mystery;Aldrich, Robert;1965;133;68;No
A Stolen Life;Drama;Bernhardt, Curtis;1946;110;20;No
Old Maid, The;Drama;Goulding, Edmund;1939;96;18;No
All about Eve;Drama;Mankiewicz, Joseph L.;1950;138;23;Yes
Fly, The;Horror;Cronenberg, David;1986;96;33;No
Quick Change;Comedy;Franklin, Howard ;1990;89;24;No
Lair of the White Worm, The;Horror;Russell, Ken;1988;93;16;No
Rainbow, The;Drama;Russell, Ken;1989;104;53;No
Man Who Knew Too Much, The;Mystery;Hitchcock, Alfred;1956;120;15;No
Beauty & the Beast;Science Fiction;Cocteau, Jean;1992;90;14;No
Foreign Correspondent;Mystery;Hitchcock, Alfred;1940;120;61;No
Heiress, The;Drama;Wyler, William;1949;115;81;Yes
Boy Who Could Fly, The;Drama;Castle, Nick;1986;120;25;No
Terrorists, The;Action;Wrede, Caspar;1975;89;4;No
Wheel of Fortune;Drama;Auer, John H.;1942;85;36;No
Do the Right Thing;Drama;Lee, Spike;1989;120;5;No
Court-Martial of Jackie Robinson, The;Drama;Peerce, Larry;1990;93;33;No
Elvira Madigan;Drama;Widerberg, Bo;1967;90;28;No
Hurricane Smith;Action;Budds, Colin;1992;86;16;No
Fair Game;Action;;1987;86;24;No
Rape of the Sabines, The;Action;;1989;95;83;No
Risky Business;Comedy;Brickman, Paul;1983;99;28;No
I Love All of You (Je Vous Aime);Drama;Berri, Claude;1980;103;40;No
Love Songs;Drama;Chouraqui, Elie;1986;108;15;No
Le Choix des Armes;Mystery;Comeau, Alain;1983;114;15;No
Choice of Arms;Action;Corneau, Alan;1981;135;87;No
March or Die;War;Richards, Dick;1977;107;59;No
Last Metro, The;Drama;Truffaut, François;1980;135;66;No
Jean de Florette;Drama;Berri, Claude;1986;120;87;Yes
Fat Man & Little Boy;Drama;Joffe, Roland;1989;127;86;No
Wild at Heart;Drama;Lynch, David;1990;125;6;No
Family Business;Action;Lumet, Sidney;1989;113;5;No
Stand & Deliver;Drama;Menendez, Ramon;1988;103;19;No
Looker;Science Fiction;Crichton, Michael;1981;94;62;No
Fire & Rain;Action;Jameson, Jerry;1989;89;10;No
Best of Candid Camera, The;Comedy;;1990;56;12;No
Seven Sinners;Drama;Garnett, Tay;1940;83;24;No
Judgment at Nuremberg;Drama;Kramer, Stanley;1961;190;39;Yes
Minskys Follies;Comedy;;1989;60;12;No
Novice, The;Comedy;;1990;97;72;No
Wings of Desire;Drama;Wenders, Wim;1987;130;71;No
Until the End of the World;Drama;Wenders, Wim;1991;158;57;No
Castaway;Drama;Roeg, Nicolas;1987;118;41;No
Alfred Hitchcock Presents, Sorcerers Apprentice;Mystery;;1993;30;60;No
Delicatessen;Comedy;Caro, Marc;1991;99;78;No
Great Train Robbery, The;Mystery;Crichton, Michael;1979;110;7;No
Hanover Street;Drama;Hyams, Peter;1991;110;81;No
Hunchback;Drama;Tuchner, Michael;1991;102;33;No
My Darling Clementine;Western;Ford, John;1946;97;12;No
Wagon Master;Western;Ford, John;1950;86;30;No
She Wore a Yellow Ribbon;Western;Ford, John;1949;93;84;No
Fantasy Man;Comedy;Meagher, John;1985;90;82;No
Monster in the Closet;Comedy;Dahlin, Bob;1986;87;39;No
Double Edge;Drama;Kollek, Amos;1992;85;69;No
Network;Comedy;Lumet, Sidney;1976;116;48;Yes
Chinatown;Drama;Polanski, Roman;1974;131;55;Yes
Three Days of the Condor;Drama;Pollack, Sydney;1975;117;87;No
Voyage of the Damned;Drama;Rosenberg, Stuart;1977;134;34;No
Barfly;Drama;Schroeder, Barbet;1987;97;23;No
Wait Until Spring, Bandini;Drama;;1990;104;20;No
Life with Father;Comedy;Curtiz, Michael;1947;118;10;No
A Guy Named Joe;Drama;Fleming, Victor;1943;;42;No
Stavisky;Drama;Resnais, Alain;1974;117;1;No
Time Bandits;Comedy;Gilliam, Terry;1981;117;5;No
Shining, The;Horror;Kubrick, Stanley;1980;144;32;No
Flame of Barbary Coast;Western;Kane, Joseph;1945;91;54;No
Naked Truth, The;Comedy;;1993;92;34;No
Brood, The;Horror;Cronenberg, David;1979;92;51;No
Molly Maguires, The;Action;Ritt, Martin;1970;123;3;No
Beverly Hills Cop;Comedy;Brest, Martin;1984;105;41;No
Blind Mans Bluff;Mystery;Quinn, James;1991;86;64;No
La Dolce Vita;Drama;Fellini, Federico;1961;140;20;No
After the Fox;Comedy;De Sica, Vittorio;1966;103;60;No
Man with the Golden Gun, The;Action;Hamilton, Guy;1974;127;41;No
Marbella;Action;Hermoso, Miguel;1985;96;45;No
Bobo, The;Comedy;Parrish, Robert;1967;103;80;No
Big Bands, The;Music;;1993;53;48;No
Killer Image.;Mystery;Winning, David;1992;97;8;No
Kandyland;Drama;Schnitzer, Robert Allen;1987;94;41;No
Campus Man;Drama;Casden, Ron;1987;94;38;No
Jubal;Drama;Daves, Delmer;1956;101;32;No
Purple Rose of Cairo, The;Comedy;Allen, Woody;1985;84;20;Yes
Broadway Danny Rose;Comedy;Allen, Woody;1984;85;14;No
Husbands & Wives;Comedy;Allen, Woody;1992;108;80;No
Hannah & Her Sisters;Comedy;Allen, Woody;1986;103;8;Yes
Hurricane;Action;Troell, Jan;1979;115;8;No
Between Two Women;Drama;Avnet, John;1986;95;52;No
Cannonball Run, The;Comedy;Needham, Hal;1981;96;80;No
Doughnuts & Society;Comedy;Collins, Lewis D.;1936;70;28;No
Holocaust;Drama;Chomsky, Marvin J.;1978;450;1;No
Meridian;Science Fiction;Band, Charles;1990;103;47;No
Diary of a Hitman;Drama;London, Roy;1992;90;67;No
Gor;Action;Kiersch, Fritz;1988;95;2;No
Surrender;Comedy;Belson, Jerry;1987;95;84;No
Places in the Heart;Drama;Benton, Robert;1984;112;83;Yes
Not Without My Daughter;Drama;Gilbert, Brian;1991;106;55;No
Heroes;Drama;Kagan, Jeremy Paul;1977;113;17;No
Absence of Malice;Drama;Pollack, Sydney;1981;116;76;No
Norma Rae;Drama;Ritt, Martin;1979;110;64;Yes
Steel Magnolias;Drama;Ross, Herbert;1989;118;66;No
Burbs, The;Comedy;Dante, Joe;1989;101;42;No
Empire Strikes Back, The;Science Fiction;Kershner, Irvin;1980;124;33;No
Star Wars;Science Fiction;Lucas, George;1977;121;44;No
Return of the Jedi;Science Fiction;Marquand, Richard;1983;132;4;No
Hear My Song;Drama;Chelsom, Peter;1991;104;72;No
Slightly Scarlet;Action;Dwan, Allan;1956;99;52;No
Gunfight at the OK Corral;Western;Sturges, John;1957;120;84;No
Range Feud, The;Western;Lederman, Ross;1931;;51;No
Bloodsucking Pharaohs in Pittsburgh;Comedy;Smithey, Alan;1990;89;79;No
Roma;Drama;Fellini, Federico;1972;129;75;No
China Syndrome, The;Drama;Bridges, James;1979;122;43;No
Morning After, The;Mystery;Lumet, Sidney;1986;100;6;No
Klute;Drama;Pakula, Alan J.;1971;114;15;Yes
Electric Horseman, The;Comedy;Pollack, Sydney;1979;113;34;No
Cat Ballou;Comedy;Silverstein, Elliot;1965;97;62;Yes
Coming Home;Drama;;1991;;1;Yes
Rebecca;Drama;Hitchcock, Alfred;1940;130;78;Yes
Jane Eyre;Drama;Stevenson, Robert;1944;96;44;No
Stacey!;Action;Sidaris, Andy;1973;87;31;No
Naked Obsession;Mystery;Golden, Dan;1992;85;26;No
Stripped to Kill II, Live Girls;Mystery;Ruben, Katt Shea;1989;83;80;No
Rain Killer, The;Mystery;Stein, Ken;1990;94;10;No
Valley Girl;Comedy;Coolidge, Martha;1983;95;30;No
Silence of the Lambs, The;Mystery;Demme, Jonathan;1991;118;8;Yes
Stealing Home;Drama;Kampmann, Steven ;1988;98;76;No
Napoleon & Samantha;Comedy;McEveety, Bernard;1972;92;33;No
Five Corners;Drama;;1988;;88;No
Blackboard Jungle, The;Drama;Brooks, Richard;1955;;66;No
My Left Foot;Drama;Sheridan, Jim;1989;103;32;Yes
Back to the Beach;Comedy;Hobbs, Lyndall;1987;92;45;No
Painted Veil, The;Drama;Boleslawski, Richard;1934;85;57;No
Inspiration;Drama;Brown, Clarence;1931;74;66;No
Anna Christie;Drama;Brown, Clarence;1930;92;0;No
Flesh & the Devil, The;Drama;Brown, Clarence;1926;109;72;No
Woman of Affairs;Drama;Brown, Clarence;1928;90;83;No
Anna Karenina;Drama;Brown, Clarence;1935;96;35;Yes
Camille;Drama;Cukor, George;1936;110;74;No
Mata Hari;Drama;Fitzmaurice, George;1931;91;67;No
Wild Orchids;Drama;Franklin, Sidney;1929;100;70;No
Grand Hotel;Drama;Goulding, Edmund;1932;112;81;Yes
Susan Lennox, Her Fall & Rise;Drama;Leonard, Robert Z.;1931;84;64;No
Ninotchka;Comedy;Lubitsch, Ernst;1939;108;40;No
Queen Christina;Drama;Mamoulian, Rouben;1933;97;82;No
Mysterious Lady, The;Drama;Niblo, Fred;1928;96;72;No
Joyless Street;Drama;Pabst, Georg Wilhelm;1925;125;73;No
Single Standard, The;Drama;Robertson, John S.;1929;74;73;No
As You Desire Me;Drama;;1932;71;85;No
Romance;Drama;;1930;76;62;No
A Child Is Waiting;Drama;Cassavetes, John;1962;105;60;No
Tootsie;Comedy;Pollack, Sydney;1982;116;8;Yes
Let It Ride;Comedy;Pytka, Joe;1989;86;88;No
Julius Caesar;Drama;Mankiewicz, Joseph L.;1953;120;50;No
Nineteen Forty-One;Comedy;Spielberg, Steven;1979;120;24;No
Jaws;Action;Spielberg, Steven;1975;124;6;No
Hot Pursuit;Drama;Lisberger, Steven;1987;93;44;No
Triumph of the Spirit;Drama;Young, Robert M.;1989;120;49;No
Brannigan;Drama;Hickox, Douglas;1975;111;64;No
Buffet Froid;Comedy;Blier, Bertrand;1979;89;75;No
Salvador;Drama;Stone, Oliver;1986;122;77;No
Horse Soldiers, The;Western;Ford, John;1959;102;76;No
Long John Silver;Action;Haskin, Byron;1954;108;56;No
Hustler, The;Drama;Rossen, Robert;1961;134;43;Yes
Star Chamber, The;Drama;Hyam, Peter;1983;109;3;No
Claras Heart;Drama;Mulligan, Robert;1988;100;60;No
Burglar;Comedy;Wilson, Hugh;1987;102;44;No
Comic Relief;Comedy;;1986;120;69;No
Bloodbrothers;Drama;Mulligan, Robert;1978;117;11;No
Rain Man;Drama;Levinson, Barry;1988;134;8;Yes
Masculine Feminine;Drama;Godard, Jean-Luc;1966;95;20;No
Outer Limits, The;Science Fiction;Stanley, Paul;1964;51;27;No
Mamas Dirty Girls;Horror;;1988;;62;No
Last Ride of the Dalton Gang, The;Western;Curtis, Dan;1979;180;62;No
Why Me?;Comedy;;1991;;74;No
Number Seventeen;Crime;Hitchcock, Alfred;1932;66;66;No
Manhunter;Drama;Mann, Michael;1986;120;19;No
Bonfire of the Vanities, The;Drama;De Palma, Brian;1990;126;82;No
Working Girl;Comedy;Nichols, Mike;1988;115;25;No
Shining Through;Mystery;Seltzer, David;1992;133;11;No
Slumber Party Massacre III;Horror;;1991;76;40;No
Tokyo Pop;Comedy;Kuzui, Fran Rubel;1988;99;2;No
Terminator 2;Action;Cameron, James;1991;136;8;No
Terminator, The;Action;Cameron, James;1984;108;17;No
King Kong Lives!;Action;Guillermin, John;1986;105;20;No
Those Daring Young Men in Their Jaunty;Comedy;;1969;125;59;No
At Play in the Fields of the Lord;Drama;Babenco, Hector;1991;186;81;No
Crazy People;Comedy;Bill, Tony;1990;;61;No
Memoirs of an Invisible Man;Comedy;Carpenter, John;1992;99;58;No
Clan of the Cave Bear, The;Drama;Chapman, Michael;1985;100;73;No
Final Terror, The;Horror;Davis, Andrew;1983;82;24;No
Reckless;Drama;Foley, James;1984;93;14;No
High Spirits;Comedy;Jordan, Neil;1989;;53;No
Roxanne;Comedy;Schepisi, Fred;1987;107;66;No
Blade Runner;Action;Scott, Ridley;1982;117;1;No
Wall Street;Drama;Stone, Oliver;1987;126;6;Yes
Pope of Greenwich Village;Drama;;1992;111;58;No
After School;Drama;;1989;89;59;No
Flaming Frontiers;Western;Taylor, Ray;1938;298;82;No
Libeled Lady;Comedy;Conway, Jack;1936;89;86;No
Inserts;Drama;Byrum, John;1976;99;85;No
Blue Iguana, The;Drama;Lafia, John;1988;88;65;No
Tender Mercies;Drama;Beresford, Bruce;1983;93;61;Yes
Nights in White Satin;Drama;Barnard, Michael;1987;96;5;No
Videodrome;Horror;Cronenberg, David;1989;87;36;No
Intimate Stranger;Mystery;Holzman, Allan;1991;96;23;No
Highlander;Science Fiction;Mulcahy, Russell;1986;110;8;No
Bodycount;Action;;1987;93;51;No
Tango & Cash;Action;Konchalovsky, Andrei;1989;104;9;No
Theres a Girl in My Soup;Comedy;Boulting, Roy;1970;94;41;No
Swing Shift;Drama;Demme, Jonathan;1984;100;81;No
Foul Play;Comedy;Higgins, Colin;1978;112;46;No
Best Friends;Comedy;Jewison, Norman;1982;109;74;No
Butterflies Are Free;Drama;Katselas, Milton;1972;109;82;Yes
Overboard;Comedy;Marshall, Garry;1987;112;6;No
Girl from Petrovka, The;Drama;Miller, Robert Ellis;1974;103;23;No
Housesitter;Comedy;Oz, Frank;1992;102;14;No
Wildcats;Comedy;Ritchie, Michael;1986;106;22;No
Protocol;Comedy;Ross, Herbert;1984;100;53;No
Seems Like Old Times;Comedy;Sandrich, Jay;1980;102;49;No
Sugarland Express, The;Drama;Spielberg, Steven;1974;109;28;No
Private Benjamin;Comedy;Zieff, Howard;1980;110;61;No
Deceived;Mystery;;1991;115;55;No
Arrowsmith;Drama;Ford, John;1931;95;84;No
Say Goodbye Maggie Cole;Drama;Taylor, Jud;1972;78;84;No
Circus World;Drama;Hathaway, Henry;1964;132;29;No
Affair in Trinidad;Drama;Sherman, Vincent;1952;98;49;No
Lady from Shanghai;Mystery;Welles, Orson;1948;87;16;No
Lady in Question;Drama;Vidor, Charles;1940;81;57;No
Gilda;Drama;Vidor, Charles;1946;110;57;No
Loves of Carmen, The;Drama;Vidor, Charles;1948;98;48;No
Dick Tracy;Comedy;Beatty, Warren;1990;105;84;No
Marnie;Drama;Hitchcock, Alfred;1964;130;2;No
Hot Child in the City;Mystery;Florea, John;1987;85;0;No
Johnny Dangerously;Comedy;Heckerling, Amy;1984;90;3;No
Stark;Mystery;Holcomb, Rod;1985;95;27;No
Three Strange Loves;Drama;Bergman, Ingmar;1949;84;87;No
My Fair Lady;Music;Cukor, George;1964;170;10;Yes
Unforgiven, The;Drama;Huston, John;1960;123;32;No
Robin & Marian;Action;Lester, Richard;1976;106;6;No
Childrens Hour, The;Drama;Wyler, William;1961;109;60;No
Rainmaker, The;Drama;Anthony, Joseph;1956;121;21;No
Pat & Mike;Comedy;Cukor, George;1952;95;48;No
Lion in Winter, THe;Drama;Harvey, Anthony;1968;134;78;Yes
Sea of Grass, The;Western;Kazan, Elia;1991;132;75;No
Guess Whos Coming to Dinner;Drama;Kramer, Stanley;1967;108;50;Yes
Desk Set;Comedy;Lang, Walter;1957;153;51;No
Rooster Cogburn;Western;Miller, Stuart;1975;107;76;No
On Golden Pond;Drama;Rydell, Mark;1981;109;23;Yes
Adams Rib;Comedy;;1991;101;62;No
Boom Town;Drama;;1991;116;73;No
Dragon Seed;Drama;;1991;145;34;No
Little Women;Drama;;1991;115;22;No
Philadelphia Story, The;Comedy;;1991;113;25;No
Without Love;Comedy;;1991;112;66;No
Woman of the Year;Comedy;;1991;113;12;No
Juice;Drama;Dickerson, Ernest R.;1992;95;31;No
Hoosiers;Drama;Anspaugh, David;1986;114;2;No
Tin Men;Comedy;Levinson, Barry;1987;112;50;No
Last Temptation of Christ, The;Drama;Scorsese, Martin;1988;163;32;No
Paris Trout;Drama;;1991;99;53;No
Souvenir;Drama;Reeve, Geoffrey;1988;87;42;No
A Man for All Seasons;Drama;Zinnemann, Fred;1966;120;20;Yes
Knights & Emeralds;Drama;Emes, Ian;1986;90;;No
Masque of the Red Death;Horror;Brand, Larry;1989;83;9;No
Adventures of Smilin Jack, The;Mystery;Taylor, Ray;1943;265;77;No
Adventures in Dinosaur City;Action;Thompson, Brett;1992;88;19;No
Allnighter, The;Comedy;Hoffs, Tamar Simon;1987;95;71;No
Caddyshack;Comedy;Ramis, Harold;1980;99;70;No
Tom Sawyer;Music;Taylor, Don;1973;102;11;No
Rita, Sue & Bob Too;Comedy;Clarke, Alan;1987;94;5;No
Hawk of Powder River;Western;Taylor, Ray;1947;56;61;No
Tempest;Drama;Taylor, Sam;1928;148;33;No
Running Mates;Drama;Neff, Thomas L.;1986;90;63;No
Prettykill;Drama;Kaczender, George;1987;105;71;No
Judge Priest;Drama;Ford, John;1934;80;9;No
Harvey;Comedy;Koster, Henry;1950;104;42;No
If Looks Could Kill;Action;Wilmington, Michael;1991;89;10;No
Raising Arizona;Comedy;Coen, Joel;1987;94;23;No
Once Around;Comedy;Hallström, Lasse;1989;114;68;No
Loulou;Drama;Pialat, Maurice;1980;110;65;No
World According to Garp, The;Drama;Hill, George Roy;1982;136;59;No
Virus;Science Fiction;Fukasaku, Kinji;1980;106;62;No
Northwest Passage;Action;Vidor, King;1940;127;51;No
Gardens of Stone;Drama;Coppola, Francis Ford;1987;112;27;No
Enemies, a Love Story;Drama;Mazursky, Paul;1989;121;5;No
Addams Family, The;Comedy;Sonnenfeld, B.;1992;102;8;No
Freaks;Horror;Browning, Tod;1932;65;61;No
Necessary Roughness;Comedy;Dragoti, Stan;1991;108;60;No
A Show of Force;Drama;Barreto, Bruno;1990;93;1;No
Competition, The;Drama;Oliansky, Joel;1980;129;45;No
Crossing Delancey;Comedy;Silver, Joan Micklin;1988;97;6;No
State of Things, The;Drama;Wenders, Wim;1982;120;73;No
Business As Usual;Comedy;Barrett, Lezli-An;1987;89;17;No
A Touch of Class;Comedy;Frank, Melvin;1973;103;79;Yes
Women in Love.;Drama;Russell, Ken;1970;129;18;No
Salomes Last Dance;Comedy;Russell, Ken;1988;89;76;No
Casino;Mystery;Chaffey, Don;1986;100;5;No
Smiles of a Summer Night;Comedy;Bergman, Ingmar;1955;108;58;No
New Years Day;Comedy;Jaglom, Henry;1989;90;88;No
Mephisto;Drama;Szabó, István;1981;132;80;Yes
Easy Virtue;Mystery;Hitchcock, Alfred;1927;60;45;No
Swing It Sailor!;Comedy;;1937;59;6;No
Strictly Business;Comedy;Hooks, Kevin;1991;83;3;No
Blame It on Rio;Comedy;Donen, Stanley;1983;90;10;No
Straight to Hell;Action;Cox, Alex;1987;86;47;No
A View to a Kill;Action;;1990;131;44;No
American Anthem;Drama;Magnoli, Albert;1986;100;74;No
Bedtime Story;Comedy;Levy, Ralph;1963;99;7;No
Courtship of Eddies Father, The;Comedy;;1991;117;43;No
Night Train to Katmandu, THe;Action;Wiemer, Robert;1988;102;43;No
Port of Call;Drama;Bergman, Ingmar;1948;100;29;No
Paper Moon;Comedy;Bogdanovich, Peter;1973;103;3;Yes
Yellowbeard;Comedy;Damski, Mel;1983;97;34;No
Adventures of Sherlock Holmes Smarter;Comedy;Wilder, Gene;1975;91;42;No
Flashback;Comedy;Amurri, Franco;1990;108;19;No
Worlds Greatest Lover, The;Comedy;Wilder, Gene;1977;89;42;No
Killers Kiss;Mystery;Kubrick, Stanley;1955;67;66;No
Deceivers, The;Action;Meyer, Nicholas;1988;103;14;No
Breathless;Action;McBride, Jim;1983;97;51;No
Born on the Fourth of July;Drama;Stone, Oliver;1989;145;8;Yes
Awakenings;Drama;Marshall, Penny;1991;120;8;No
Annie Hall;Comedy;Allen, Woody;1977;94;68;Yes
Manhattan;Comedy;Allen, Woody;1979;96;82;Yes
Reds;Drama;Beatty, Warren;1981;195;76;Yes
Crimes of the Heart;Comedy;Beresford, Bruce;1986;105;84;No
Looking for Mr. Goodbar;Drama;Brooks, Richard;1977;136;54;No
Godfather, The;Drama;Coppola, Francis Ford;1972;175;8;Yes
Godfather, Pt 2., The;Drama;Coppola, Francis Ford;1974;201;8;Yes
I Will, I Will...For Now;Comedy;Panama, Norman;1976;109;6;No
Play It Again, Sam;Comedy;Ross, Herbert;1972;86;81;No
Love & Death;Comedy;;1975;82;84;No
Sleeper;Comedy;;1973;88;59;No
Fellini Satyricon;Drama;Fellini, Federico;1970;130;88;No
Formula, The;Mystery;Avildsen, John G.;1980;117;82;No
Black Sunday;Drama;Frankenheimer, John;1977;143;76;No
Bobby Deerfield;Drama;Pollack, Sydney;1977;124;36;No
Last of the Red Hot Lovers;Comedy;Saks, Gene;1972;98;40;No
Mogambo;Action;Ford, John;1953;116;71;No
To Catch a Thief;Mystery;Hitchcock, Alfred;1955;103;69;No
Rear Window;Mystery;Hitchcock, Alfred;1954;113;25;No
Woman Who Came Back;Drama;Colmes, Walter;1945;69;26;No
Stanley & Livingstone;Action;King, Henry;1939;101;11;No
Bad Seed, The;Horror;LeRoy, Mervyn;1956;129;69;No
Lethal Weapon 2;Action;Donner, Richard;1989;113;69;No
Blame It on the Bellboy;Comedy;Herman, Mark;1992;79;69;No
Drop Kick, The;Drama;Webb, Millard;1927;62;;No
Superman, The Movie;Action;Donner, Richard;1978;145;87;No
Superman IV: The Quest for Peace;Action;Furie, Sidney J.;1987;90;77;No
Quackser Fortune Has a Cousin in the Bronx;Comedy;Waris, Hussein;1970;90;49;No
Dead Calm;Mystery;Noyce, Phillip;1989;96;1;No
Days of Thunder;Action;Scott, Tony;1990;107;3;No
My Life As a Dog;Comedy;Hallström, Lasse;1987;101;21;No
Moon in the Gutter, The;Action;Beineix, Jean-Jacques;1983;;29;No
Paris, Texas;Drama;Wenders, Wim;1984;150;27;No
Unfaithfully Yours;Comedy;Zieff, Howard;1984;96;73;No
Bullseye!;Comedy;Winner, Michael;1987;95;8;No
Erik the Viking;Action;Jones, Terry;1989;104;25;No
Dragonard;Drama;Kikoine, Gerard;1987;90;71;No
Hard Choices;Drama;King, Rick;1986;90;41;No
Rain People, The;Drama;Coppola, Francis Ford;1969;102;78;No
A Year of the Quiet Sun;Drama;Zanussi, Krzystoff;1984;106;78;No
Desert Trail, The;Western;Collins, Lewis D.;1935;54;50;No
Almost an Angel;Comedy;Cornell, John;1990;98;14;No
Crocodile Dundee;Comedy;Faiman, Peter;1986;98;66;No
American Friend, The;Mystery;Wenders, Wim;1977;127;35;No
See You in the Morning;Drama;Pakula, Alan J.;1989;119;53;No
Arrogant, The;Drama;Blot, Philippe;1987;88;62;No
Draculas Widow;Horror;Coppola, Christopher;1989;86;55;No
Ninja Masters of Death;Action;Lambert, Bruce;1987;90;15;No
Mystery Train;Comedy;Jarmusch, Jim;1990;110;23;No
Go Tell the Spartans;War;Post, Ted;1978;114;67;No
True Stories;Comedy;Byrne, David;1986;89;79;No
Ugetsu Monogatari;Drama;Mizoguchi, Kenji;1953;94;82;No
Rebel Rousers;Action;Cohen, Martin B.;1969;80;44;No
Plain Clothes;Comedy;Coolidge, Martha;1988;98;4;No
Whose Life Is It, Anyway?;Drama;Badham, John;1981;119;62;No
Running on Empty;Drama;Lumet, Sidney;1988;116;2;No
Funny about Love;Comedy;Nimoy, Leonard;1990;101;60;No
A Chorus Line, The Movie;Music;Attenborough, Richard;1985;118;71;No
Stewardess School;Comedy;Blancato, Ken;1986;84;28;No
Big Town, The;Drama;Bolt, Ben;1987;109;11;No
Rumble Fish;Drama;Coppola, Francis Ford;1983;94;4;No
Outsiders, The;Drama;Coppola, Francis Ford;1983;91;56;No
Priceless Beauty;Science Fiction;Finch, Charles;1990;94;7;No
Streets of Fire;Action;Hill, Walter;1989;93;65;No
Men Dont Leave;Drama;Brickman, Paul;1990;115;66;No
Everybodys All American;Romance;Hackford, Taylor;1988;127;62;No
Cape Fear;Mystery;Scorsese, Martin;1992;128;7;No
Postman Always Rings Twice, The;Mystery;;1992;121;24;No
Crashing Thru;Western;Taylor, Ray;1949;58;19;No
Get Out Your Handkerchiefs;Comedy;Blier, Bertrand;1978;109;78;Yes
Boy Friend, THe;Music;Russell, Ken;1971;137;8;No
Hard To Kill;Action;Malmuth, Bruce;1990;100;49;No
Psycho;Horror;Hitchcock, Alfred;1960;109;56;No
Jet Pilot;Action;Sternberg, Josef von;1957;112;43;No
Under Cover;Mystery;Stockwell, John;1987;95;36;No
A Streetcar Named Desire;Drama;Kazan, Elia;1951;122;75;Yes
Golden Child, The;Comedy;Ritchie, Michael;1986;93;86;No
Statue, The;Drama;Amateau, Rod;1971;84;80;No
Christopher Columbus;Drama;Lattuada, Alberto;1985;128;69;No
In Country;Drama;Jewison, Norman;1989;116;76;No
Wild Geese, The;Action;McLaglen, Andrew V.;1978;132;21;No
Second Coming of Suzanne., The;Drama;Barry, Michael;1974;90;21;No
Bronco Billy;Westerns;Eastwood, Clint;1980;116;57;No
Gauntlet, The;Action;Eastwood, Clint;1977;109;18;No
Ratboy;Drama;Locke, Sondra;1986;105;1;No
Lady Vanishes;Mystery;Hitchcock, Alfred;1938;96;27;No
Kitchen Toto, THe;Drama;Hook, Harry;1987;95;41;No
Carlton-Browne of the F.O.;Comedy;Boulting, Roy;1959;88;63;No
Racketeer;Drama;Higgin, Howard;1929;68;2;No
Mr. & Mrs. Smith;Comedy;Hitchcock, Alfred;1941;95;3;No
Alrededor de Medianoche;Drama;Rayfield, David;1986;132;47;No
Losin It;Comedy;Hanson, Curtis;1982;101;4;No
Into the Homeland;Action;Glatter, Lesli Linka;1987;114;34;No
Boxing Babes;Action;Dell, Stewart;1991;60;9;No
Shock em Dead;Horror;Freed, Mark;1991;94;31;No
Heller in Pink Tights;Drama;Cukor, George;1960;101;52;No
Two Women;Drama;De Sica, Vittorio;1961;100;83;Yes
Gold of Naples, The;Drama;De Sica, Vittorio;1954;107;40;No
Yesterday, Today & Tomorrow;Comedy;De Sica, Vittorio;1963;118;73;Yes
Legend of the Lost;Action;Hathaway, Henry;1957;109;84;No
Brass Target;Action;Hough, John;1978;111;53;No
Fall of the Roman Empire, The;Drama;Mann, Anthony;1964;188;62;No
El Cid;Drama;Mann, Anthony;1961;172;10;No
Desire under the Elms;Drama;Mann, Delbert;1958;114;13;No
Two Nights with Cleo;Drama;Mattoli, Mario;1953;92;54;No
Black Orchid, The;Drama;Ritt, Martin;1959;;54;No
Angela;Drama;Sagal, Boris;1977;91;80;No
A Special Day;Drama;Scola, Ettore;1977;105;80;Yes
Blood Feud;Action;Wertmuller, Lina;1979;112;52;No
Sophia Loren, Her Own Story;Drama;;1991;145;49;No
Running Away;Drama;;1990;;2;No
Man of La Mancha;Music;;1991;130;55;No
Operation Crossbow;Action;;1992;116;1;No
Courage;Drama;;1986;141;56;No
RAD;Action;Needham, Hal;1986;94;75;No
Secret Admirer;Comedy;;1992;98;55;No
Cocaine Cowboys;Action;Lommel, Ulli;1979;85;17;No
Test Pilot;Drama;;1991;118;13;No
Ape Man, The;Horror;Beaudine, William;1943;64;83;No
Mission, The;Drama;Joffe, Roland;1986;125;20;No
Curly Sue;Comedy;Hughes, John;1991;102;2;No
Lolita;Drama;Kubrick, Stanley;1962;150;80;No
Sex, Lies, and Videotape;Drama;Soderbergh, Steven;1989;101;70;Yes
Green Card;Comedy;Weir, Peter;1990;107;25;No
Gator Bait II;Action;Sebastian, Beverly;1988;95;73;No
Being There;Comedy;Ashby, Hal;1979;129;31;Yes
Terms of Endearment;Drama;Brooks, James L.;1983;132;32;Yes
Woman Times Seven;Comedy;De Sica, Vittorio;1967;99;36;No
Bliss of Mrs. Blossom, The;Comedy;McGrath, Joseph;1968;;86;No
Postcards from the Edge;Comedy;Nichols, Mike;1990;101;63;No
Two Mules for Sister Sara;Western;Siegel, Don;1970;105;36;No
Dragonfight;Drama;;1992;84;71;No
Back Door to Heaven;Drama;Howard, William K.;1939;85;83;No
Ciao Italia, Madonna Live from Italy;Music;De Winter, Harry;1988;100;74;No
Madonna, Truth or Dare;Music;Keshishian, Alek;1991;118;54;No
A Certain Sacrifice;Music;Lewicki, Steven Jon;1992;60;24;No
National Enquirer, The Untold Story;Music;;1991;40;65;No
Immaculate Collection, The;Music;;1990;60;32;No
Madonna Live, The Virgin Tour;Music;;1987;50;75;No
Madonna, Justify My Love;Music;;1990;5;77;No
Madonna, Like a Virgin;Music;;1991;16;63;No
Hot to Trot;Comedy;Dinner, Michael;1988;83;78;No
Fire with Fire;Drama;Gibbins, Duncan;1986;103;9;No
Hot Spot;Drama;Hopper, Dennis;1990;120;70;No
Amarcord;Drama;Fellini, Federico;1974;124;50;Yes
Casablanca Express;Action;Martino, Sergio;1988;85;33;No
Out of the Blue;Drama;Hopper, Dennis;1980;94;4;No
Sands of Iwo Jima;War;Dwan, Allan;1949;110;72;No
Hand, The;Horror;Stone, Oliver;1981;104;44;No
Deep Cover;Mystery;Loncraine, Richard;1989;81;15;No
Il Bidone;Drama;Fellini, Federico;1955;92;70;No
El Guerrero Solitario;Drama;Eastwood, Clint;1986;130;77;No
Heartbreak Ridge;War;Eastwood, Clint;1986;130;61;No
Goodbye Girl, The;Comedy;Ross, Herbert;1977;110;6;Yes
Audrey Rose;Drama;;1991;113;62;No
Polyester;Comedy;;1981;86;68;No
Robin Hood: Prince of Thieves;Action;Costner, Kevin;1991;144;8;No
White Sands;Drama;Donaldson, Roger;1992;101;38;No
Color of Money, The;Drama;Scorsese, Martin;1986;119;6;Yes
Children of a Lesser God;Drama;Haines, Randa;1986;119;20;Yes
Matador;Comedy;Almodóvar, Pedro;1986;;34;No
Women on the Verge of a Nervous Breakdown;Comedy;Almodóvar, Pedro;1989;88;65;No
Pepi Luci Bom;Comedy;Almodóvar, Pedro;1980;86;66;No
Forgotten, The;Mystery;Keach, James;1989;100;69;No
Flame & the Arrow, The;Action;;1992;89;0;No
After the Shock;Drama;Sherman, Gary;1990;92;28;No
Modern Love;Comedy;;1990;110;18;No
Riff Raff;Comedy;Loach, Ken;1992;95;71;No
Glory Stompers, The;Action;Lanza, Anthony M.;1967;81;27;No
Dances with Wolves;Western;Costner, Kevin;1990;181;8;Yes
Matewan;Drama;Sayles, John;1987;130;81;No
Mississippi Burning;Drama;Parker, Alan;1988;120;41;Yes
Eiger Sanction, The;Action;Eastwood, Clint;1975;130;69;No
Unsettled Land;Drama;Barbash, Uri;1988;109;75;No
Cat Chaser;Drama;Ferrera, Abel;1991;98;6;No
Accused, The;Drama;Kaplan, Jonathan;1988;110;71;Yes
Winter People;Drama;Kotcheff, Ted;1989;109;30;No
Reuben, Reuben;Comedy;Miller, Robert Ellis;1983;101;2;No
Made in Heaven;Fantasy;Rudolph, Alan;1987;102;57;No
Top Gun;Action;Scott, Tony;1986;109;8;No
Witness;Drama;Weir, Peter;1985;112;59;No
House on Carroll Street, The;Mystery;;1988;111;6;No
Racing with the Moon;Drama;Benjamin, Richard;1984;109;50;No
Lovesick;Comedy;Brickman, Marshall;1983;98;51;No
Shes Having a Baby;Comedy;;1988;106;18;No
Greatest Story Ever Told, The;Drama;Stevens, George;1965;199;26;No
Hawks;Drama;Miller, Robert Ellis;1989;105;11;No
So Fine;Comedy;Bergman, Andrew;1981;91;17;No
Paths of Glory;Drama;Kubrick, Stanley;1957;89;47;No
Tom Jones;Drama;Dassin, Jules;1964;120;39;Yes
Sunshine Boys, The;Comedy;Ross, Herbert;1975;103;35;Yes
Caddyshack 2;Comedy;Arkush, Allan;1988;98;34;No
Internal Affairs;Drama;Figgis, Mike;1990;117;3;No
JFK;Drama;Stone, Oliver;1991;206;78;No
New Jack City;Action;Van Peebles, Mario;1991;97;80;No
Scenes from a Mall;Comedy;;1991;87;8;No
Hope & Glory;War;Boorman, John;1987;118;3;No
Ryans Daughter;Drama;Lean, David;1970;194;81;Yes
Man Who Loved Cat Dancing, The;Western;Sarafian, Richard C.;1973;127;40;No
Man Who Shot Liberty Valance, The;Western;Ford, John;1962;123;85;No
Dead-Bang;Action;Frankenheimer, John;1989;102;9;No
Big Top Pee-wee;Comedy;Kleiser, Randal;1988;90;17;No
Time Machine, The;Science Fiction;Pal, George;1960;103;88;No
Cabaret;Drama;Fosse, Bob;1972;128;59;Yes
Arthur;Comedy;Gordon, Steve;1981;97;79;Yes
A Matter of Time;Drama;Minnelli, Vincente;1976;97;70;No
New York, New York;Drama;Scorsese, Martin;1977;137;8;No
Nightmare on Elm Street, Pt. 5, The Dream Child;Horror;Hopkins, Stephen;1989;89;41;No
Fiendish Plot of Dr. Fu Manchu, The;Comedy;Haggard, Piers;1980;100;29;No
Four American Composers;Music;Greenaway, Peter;1991;240;3;No
Asphalt Jungle, The;Action;Huston, John;1950;112;77;No
Ladies of the Chorus;Music;Karlson, Phil;1992;61;60;No
How to Marry a Millionaire;Comedy;Negulesco, Jean;1953;95;65;No
Hollywood Out-Takes & Rare Footage;Comedy;;1983;;27;No
Nothing But Trouble;Comedy;Aykroyd, Dan;1991;94;25;No
Wisdom;Action;Estevez, Emilio;1987;109;25;No
One Crazy Summer;Comedy;Holland, Savage Steve;1986;94;61;No
Were No Angels;Comedy;Jordan, Neil;1989;110;51;No
No Small Affair;Comedy;Schatzberg, Jerry;1984;102;10;No
Ghost;Science Fiction;Zucker, Jerry;1990;127;6;Yes
About Last Night;Drama;Zwick, Edward;1986;113;66;No
Six Weeks;Drama;Bill, Tony;1982;107;73;No
Return of October;Comedy;Lewis, Joseph H.;1948;89;35;No
Come Back, Little Sheba;Drama;Mann, Daniel;1952;99;50;Yes
Going Places;Drama;Blier, Bertrand;1974;117;66;No
Monte Walsh;Western;Fraker, William A.;1970;99;29;No
Mr. Arkadin;Drama;Welles, Orson;1955;100;80;No
White of the Eye;Mystery;Cammell, Donald;1988;;48;No
Producers, The;Comedy;Brooks, Mel;1968;90;33;No
Front, The;Drama;Ritt, Martin;1976;94;70;No
House of the Rising Sun;Drama;Gold, Greg;1987;86;45;No
In a Shallow Grave;Drama;Bowser, Kenneth;1988;91;72;No
Mc Q;Action;Sturges, John;1974;111;73;No
Lady from Louisiana;Drama;Vorhaus, Bernard;1941;85;38;No
Wait Until Spring Bandini;Drama;Deruddere, Dominique;1990;102;29;No
Long Voyage Home, The;Drama;Ford, John;1940;105;88;No
Trouble with Harry, The;Mystery;Hitchcock, Alfred;1955;100;28;No
Encounters;Drama;Marder, Bruce;1987;60;44;No
Hud;Drama;Ritt, Martin;1963;112;2;Yes
Operation Pacific;War;;1951;111;5;No
Surf Nazis Must Die;Horror;George, Peter;1987;83;50;No
Teahouse of the August Moon;Drama;Mann, Daniel;1956;124;11;No
Back in the U.S.S.R.;Action;;1992;88;61;No
Man Who Haunted Himself, The;Drama;Dearden, Basil;1970;91;75;No
Prisoner of Honor.;Drama;Russell, Ken;1991;108;58;No
Control;Drama;;1988;83;27;No
Desert Rider;Western;Bradbury, Robert N.;1923;57;;No
Wholly Moses!;Comedy;Weis, Gary;1980;109;25;No
Star Trek VI: The Undiscovered Country;Science Fiction;Meyer, Nicholas;1991;110;11;No
Star Trek V: The Final Frontier;Action;Shatner, William ;1989;107;87;No
Circuitry Man;Action;Lovy, Steven;1991;85;78;No
Cobra;Action;Cosmatos, George P.;1986;87;57;No
Beverly Hills Cop II;Comedy;Scott, Tony;1987;103;37;No
Red Sonja;Action;;1990;90;40;No
To Joy;Drama;Bergman, Ingmar;1950;93;65;No
Macbeth;Drama;;1992;112;45;No
Vertigo;Drama;Hitchcock, Alfred;1958;128;10;No
Young Love: Lemon Popsicle Seven;Comedy;Bennett, Walter;1987;91;47;No
Crack-Up;Mystery;Reis, Irving;1946;93;25;No
Bury Me Not on the Lone Prairie;Western;Taylor, Ray;1941;57;85;No
Law & Order;Western;Taylor, Ray;1940;57;87;No
Man from Montana;Western;Taylor, Ray;1941;56;85;No
Long Gray Line, The;Drama;Ford, John;1992;137;26;No
Rio Grande;Western;Ford, John;1950;105;64;No
Wings of Eagles, The;Drama;Ford, John;1957;107;29;No
Jamaica Inn;Drama;Hitchcock, Alfred;1939;94;75;No
Big Jake;Action;Sherman, George;1971;110;68;No
Quiet Man, The;Drama;;1992;153;74;No
After the Rehearsal;Drama;Bergman, Ingmar;1983;72;0;No
Big Jim McLain;Western;Ludwig, Edward;1952;90;14;No
Smith!;Western;OHerlihy, Michael;1969;101;62;No
Wild One, The;Drama;Benedek, Laslo;1953;79;26;No
Manxman, The;Drama;Hitchcock, Alfred;1929;129;65;No
International Velvet;Drama;Forbes, Bryan;1978;126;40;No
Scanners;Horror;Cronenberg, David;1981;104;32;No
Trick or Treat;Horror;Smith, Charles Martin;1986;98;47;No
48 Hrs.;Action;Hill, Walter;1982;92;67;No
Trip to Bountiful, The;Drama;Masterson, Peter;1985;108;62;Yes
Mister Roberts;Comedy;Ford, John;1955;116;8;Yes
Z;Drama;Costa-Gavras;1969;127;72;Yes
Maurice;Drama;Ivory, James;1987;139;45;No
Hamlet;Drama;Richardson, Tony;1969;114;39;No
La Femme Nikita;Drama;Besson, Luc;1991;117;6;No
Honeymoon in Vegas;Comedy;Bergman, Andrew;1993;95;53;No
Going for the Gold;Action;Taylor, Dan;1988;90;10;No
Shout at the Devil;Action;Hunt, Peter R.;1976;128;0;No
A Smoky Mountain Christmas;Music;Winkler, Henry;1986;94;23;No
Getting Physical;Drama;Stern, Steven Hilliard;1984;95;75;No
Torn Apart;Drama;Fisher, Jack;1990;95;8;No
From the Hip;Comedy;Clark, Bob;1986;112;36;No
Ratings Game, The;Comedy;DeVito, Danny;1984;102;21;No
Class Act;Drama;;1992;100;88;No
Water;Comedy;Clement, Dick;1986;89;47;No
Silent Movie;Comedy;Brooks, Mel;1978;88;27;No
Pink Cadillac;Comedy;Eastwood, Clint;1989;122;12;No
Jerk, The;Comedy;Reiner, Carl;1979;94;22;No
Wild Times;;Compton, Richard;1980;180;75;No
Sweet Liberty;Comedy;Alda, Alan;1986;107;12;No
Grease II;Music;Birch, Patricia;1982;115;64;No
Married to the Mob;Comedy;Demme, Jonathan;1989;104;8;No
Ladyhawke;Adventure;Donner, Richard;1985;121;68;No
Fabulous Baker Boys, The;Drama;Kloves, Steve;1989;114;66;No
Into the Night;Comedy;Landis, John;1985;115;62;No
Russia House, The;Drama;Schepisi, Fred;1991;124;3;No
Tequila Sunrise;Mystery;Towne, Robert;1988;116;50;No
B. A. D. Cats;Action;;1989;74;87;No
Last Movie, The;Drama;Hopper, Dennis;1971;108;22;No
Dillinger;Drama;Milius, John;1973;106;83;No
Little Dorrit;Drama;Edzard, Christine;1988;360;12;No
My Best Girl;Drama;Taylor, Sam;1927;78;31;No
Seizure;Horror;Stone, Oliver;1989;93;59;No
A Chorus of Disapproval;Comedy;Winner, Michael;1990;89;0;No
Rome Adventure;Drama;Daves, Delmer;1962;119;39;No
Drowning by Numbers;Mystery;Greenaway, Peter;1992;121;28;No
Born to Ride;Action;Baker, Graham;1991;88;59;No
Her Alibi;Comedy;Beresford, Bruce;1988;94;80;No
Glitz;Mystery;;1988;96;9;No
Dangerous Pursuit;Mystery;Stern, Sandor;1990;95;88;No
Experiment in Terror;Mystery;Edwards, Blake;1962;123;77;No
Hideaways, The;Comedy;Cook, Fielder;1972;105;42;No
Whats New Pussycat;Comedy;Donner, Clive;1965;108;83;No
Whats New Pussycat?;Comedy;Donner, Clive;1965;108;46;No
Packin It In;Comedy;Taylor, Jud;1983;98;8;No
Naked Gun: From the Files of Police Squad!, THe;Comedy;Zucker, David;1988;90;9;No
In Too Deep;Drama;Tatoulis, Colin South, John;1990;106;50;No
Twins;Comedy;Reitman, Ivan;1988;107;23;No
Experts, The;Comedy;Thomas, Dave;1988;94;67;No
Naked Lie;Drama;Colla, Richard A.;1989;94;7;No
Mistress;Drama;Tuchner, Michael;1987;87;36;No
Pleasure Palace;Action;;1992;;45;No
Adam at 6 A.M.;Drama;Scheerer, Robert;1970;100;3;No
Web of Deceit;Drama;Stern, Sandor;1990;93;6;No
New York Stories;Comedy;Coppola, Francis Ford;1991;119;6;No
Dreams Lost, Dreams Found;Drama;Patterson, Willi;1987;97;66;No
Au Revoir les Enfants;Drama;Malle, Louis;1987;103;35;No
Quo Vadis;Drama;Rossi, Franco;1989;122;6;No
Fighting Kentuckian, The;Action;Waggner, George;1949;100;74;No
Zardoz;Science Fiction;Boorman, John;1974;104;6;No
Police Academy 6: City under Siege;Comedy;Bonerz, Peter;1989;84;29;No
Police Academy 5: Assignment Miami Beach;Comedy;Myerson, Alan;1988;90;59;No
Police Academy 3: Back in Training;Comedy;Paris, Jerry;1986;84;6;No
Americas Music, Blues;Music;Walton, Kip;1991;60;54;No
Julia;Drama;Zinnemann, Fred;1977;100;75;Yes
Devils, The;Drama;Russell, Ken;1971;111;69;No
Ransom;Drama;Segal, Alex;1984;90;73;No
Cadillac Man;Comedy;Donaldson, Roger;1990;97;28;No
Best of Times, The;Comedy;Spottiswoode, Roger;1986;104;88;No
Death of a Salesman;Drama;Schlöndorff, Volker;1985;135;13;No
It Started with a Kiss;Drama;;1993;104;80;No
Money, The;Drama;;1989;88;29;No
Empire of the Sun;Drama;Spielberg, Steven;1987;153;6;No
Comfort of Strangers, The;Mystery;Schrader, Paul;1991;102;5;No
On Her Majestys Secret Service;Action;Hunt, Peter R.;1969;135;66;No
Pretty in Pink;Drama;Deutch, Howard;1986;96;75;No
PK. & the Kid.;Drama;;1987;90;49;No
Lone Star Trail, The;Western;Taylor, Ray;1943;60;27;No
Summer;Comedy;Rohmer, Eric;1986;98;11;No
Planes, Trains & Automobiles;Comedy;Hughes, John;1987;93;73;No
Pretty Woman;Comedy;Marshall, Garry;1990;119;43;No
Flatliners;Drama;Schumacher, Joel;1991;111;19;No
Hook;Action;Spielberg, Steven;1991;142;4;No
Riders of Pasco Basin;Western;Taylor, Ray;1940;56;17;No
Gotta Dance, Gotta Sing;Music;;1992;53;20;No
Desperate Hours;Mystery;Cimino, Michael;1990;106;58;No
Gung Ho;Comedy;Howard, Ron;1986;111;59;No
Shooting Elizabeth;Mystery;Taylor, Baz;1992;96;5;No
Strangers on a Train;Mystery;Hitchcock, Alfred;1951;101;17;No
Sacketts, The;Western;Totten, Robert;1979;198;86;No
To Die Standing;Action;Morneau, Louis;1991;87;53;No
Rodeo Girl;Drama;Cooper, Jackie;1980;92;80;No
Butch Cassidy & the Sundance Kid;Western;Hill, George Roy;1969;110;29;Yes
Hellfighters;Action;McLaglen, Andrew V.;1968;121;22;No
Final Countdown, The;Action;Taylor, Don;1980;92;35;No
Blue Velvet;Mystery;Lynch, David;1986;120;6;No
Cousins;Comedy;;1989;110;28;No
Black & White in Color;Comedy;Annaud, Jean-Jacques;1976;90;24;Yes
Another Woman;Drama;Allen, Woody;1988;81;7;No
Night on Earth;Drama;Jarmusch, Jim;1992;128;24;No
Permanent Record;Drama;Silver, Marisa;1988;92;42;No
Fisher King, The;Drama;Gilliam, Terry;1992;138;8;Yes
Another You;Comedy;Phillips, Maurice;1991;98;75;No
Young Lions, The;Drama;Dmytryk, Edward;1958;167;10;No
Cheerleader Camp;Horror;Quinn, John;1988;89;79;No
Trapper County War;Action;;1990;98;5;No
Angel & the Badman;Western;Grant, James Edward;1947;96;84;No
Impulse;Mystery;Locke, Sondra;1990;109;23;No
Track Twenty-Nine;Drama;Roeg, Nicolas;1988;91;48;No
Freejack;Action;Richardson, Tony;1991;110;26;No
John Wayne Matinee Double Feature, No. 1;Western;;1939;109;30;No
Smallest Show on Earth, The;Comedy;Dearden, Basil;1988;81;24;No
Innerspace;Science Fiction;Dante, Joe;1987;120;41;No
Presidio, The;Action;Hyams, Peter;1988;97;4;No
Joe Versus the Volcano;Comedy;Patrick, John;1990;102;17;No
Doors, The;Drama;Stone, Oliver;1991;135;60;No
Welcome Home, Roxy Carmichael;Comedy;Abrahams, Jim;1990;98;41;No
Cancel My Reservation;Comedy;Bogart, Paul;1972;99;60;No
North by Northwest;Mystery;Hitchcock, Alfred;1991;135;20;No
Russians Are Coming, the Russians Are, The;Comedy;Jewison, Norman;1966;127;79;Yes
Exodus;Drama;Preminger, Otto;1992;213;13;No
Ballad of Narayama, The;Drama;Imamura, Shohei;1982;128;88;No
Out of the Darkness;Mystery;Taylor, Jud;1985;96;86;No
Garden of the Finzi-Continis, The;Drama;De Sica, Vittorio;1971;90;42;Yes
Steppenwolf;Drama;Haines, Fred;1974;105;20;No
Mackintosh Man, The;Action;Huston, John;1973;100;65;No
Partner;Drama;Bertolucci, Bernardo;1968;105;26;No
Conformist, The;Drama;Bertolucci, Bernardo;1970;107;72;No
Dirty Harry;Drama;Siegel, Don;1971;102;72;No
Ferris Buellers Day Off;Comedy;Hughes, John;1986;103;12;No
Legend;Science Fiction;Scott, Ridley;1986;89;42;No
Buddy System, The;Drama;Jordan, Glenn;1984;110;48;No
A Dry White Season;Drama;Palcy, Euzhan;1989;97;71;No
Rocky Horror Picture Show, The;Music;Sharman, Jim;1975;105;59;No
War & Peace;Drama;Bondarchuk, Sergei;1968;360;80;Yes
Defense of the Realm;Drama;;1992;96;79;No
Basil The Rat;Comedy;;1991;90;9;No
Fawlty Towers, Gourmet Night, Waldorf Salad & The Kipper & the Corpse;Comedy;;1979;90;46;No
Going Under;Comedy;Travis, Mark W.;1991;80;30;No
U S. Sub Standard.;Comedy;;1990;83;27;No
Hells Angels on Wheels;Action;;1990;;1;No
Passenger, The;Drama;Antonioni, Michelangelo;1975;118;32;No
Last Tango in Paris;Drama;Bertolucci, Bernardo;1973;127;28;No
Indigo Autumn & Lilac Dream;Drama;Gillard, Stuart;1987;155;72;No
Kriemhilds Revenge, The Nibelungenlied;Drama;Lang, Fritz;1924;95;74;No
Johnny Tiger;Drama;Wendkos, Paul;1966;102;69;No
Head Office;Comedy;Finkleman, Ken;1986;90;88;No
Live & Let Die;Action;;1990;;62;No
Le Charme Discret de la Bourgeoisie;Comedy;Bunuel, Luis;1972;100;4;Yes
Blue City;Action;Manning, Michelle;1986;83;38;No
Bad Boys;Drama;Rosenthal, Rick;1983;123;7;No
Whoopee Boys, The;Comedy;Byrum, John;1986;82;54;No
Last Picture Show, The;Drama;Bogdanovich, Peter;1971;118;62;Yes
Diamond Trap, The;Drama;Taylor, Don;1988;93;58;No
Endless Love;Drama;Zeffirelli, Franco;1981;115;20;No
Rocky;Drama;Avildsen, John G.;1976;90;78;Yes
Cocktail;Drama;Donaldson, Roger;1988;103;13;No
Sabotage;Mystery;Hitchcock, Alfred;1936;77;74;No
Madame Rosa;Drama;Mizrahi, Moshe;1977;105;11;Yes
Fozzies Muppet Scrapbook;Comedy;;1985;56;86;No
Desiree;Drama;Koster, Henry;1954;110;22;No
Spartacus;Drama;Kubrick, Stanley;1960;185;67;Yes
Guys & Dolls;Comedy;Mankiewicz, Joseph L.;1955;150;70;Yes
Until They Sail;Drama;Wise, Robert;1992;95;77;No
Coming to America;Comedy;Landis, John;1988;116;11;No
Lilies of the Field;Drama;Poitier, Sidney;1963;93;36;Yes
Rivers Edge;Drama;Hunter, Tim;1987;99;3;No
Ruthless People;Comedy;Abrahams, Jim;1986;93;84;No
Secret of My Success, The;Comedy;Ross, Herbert;1987;110;5;No
Shop on Main Street, The;Drama;Kadar, Jan;1965;128;37;Yes
Funny Farm;Comedy;Hill, George Roy;1988;101;30;No
Lonely Passion of Judith Hearne, The;Drama;Clayton, Jack;1988;120;24;No
California Suite;Comedy;Ross, Herbert;1978;103;11;Yes
Maximum Overdrive;Horror;King, Stephen;1986;97;40;No
Pale Rider;Western;Eastwood, Clint;1985;116;45;No
Kissing Place, The;Drama;Wharmby, Tony;1990;88;41;No
French Lesson;Comedy;Gilbert, Brian;1986;90;29;No
Roller Blade;Action;Jackson, Donald G;1985;88;31;No
A Shot in the Dark;Comedy;Edwards, Blake;1964;101;51;No
Treasure Seekers, The;Action;;1979;88;2;No
Missing;Drama;Costa-Gavras;1982;122;30;No
Picasso Trigger;Action;Sidaris, Andy;1989;99;20;No
Hard Ticket to Hawaii;Action;Sidaris, Andy;1987;97;36;No
Diamonds are Forever;Action;Hamilton, Guy;1990;;8;No
Baby Face;Drama;Green, Alfred E.;1933;72;66;No
Violent Men, The;Action;Mate, Rudolph;1992;95;25;No
Cocoon;Science Fiction;Howard, Ron;1985;117;45;Yes
Clockwise;Comedy;Morahan, Christopher;1986;96;10;No
Romantic Comedy;Comedy;;1993;103;8;No
Outland;Science Fiction;Hyams, Peter;1981;111;7;No
Hang em High;Western;Post, Ted;1967;114;67;No
Basic Instinct;Mystery;Verhoeven, Paul;1992;123;41;No
Total Recall;Action;Verhoeven, Paul;1990;113;8;No
Stakeout;Comedy;Badham, John;1987;115;13;No
Unnamable II, The Statement of Randolph Carter, The;Drama;Ouellette, Jean-Paul;1992;104;36;No
Trip, The;Drama;Corman, Roger;1967;85;64;No
Ironweed;Drama;Babenco, Hector;1987;135;32;No
Kramer vs. Kramer;Drama;Benton, Robert;1979;;8;Yes
Still of the Night;Mystery;Benton, Robert;1988;;42;No
Defending Your Life;Comedy;Brooks, Albert;1991;112;75;No
Deer Hunter, The;Drama;Cimino, Michael;1978;183;82;Yes
Falling in Love;Drama;Grosbard, Ulu;1984;106;31;No
Heartburn;Comedy;Nichols, Mike;1986;108;57;No
Silkwood;Drama;Nichols, Mike;1983;131;52;No
Sophies Choice;Drama;Pakula, Alan J.;1982;151;64;Yes
Out of Africa;Drama;Pollack, Sydney;1985;161;88;Yes
French Lieutenants Woman, The;Drama;Reisz, Karel;1981;127;37;No
Plenty;Drama;Schepisi, Fred;1985;124;9;No
A Cry in the Dark;Drama;Schepisi, Fred;1988;122;67;No
She-Devil;Comedy;Seidelman, Susan;1989;99;43;No
Death Becomes Her;Drama;Zemeckis, Robert;1992;103;61;No
Kids & Pesticides;Drama;;1991;28;36;No
On a Clear Day You Can See Forever;Music;Minnelli, Vincente;1970;129;67;No
Nuts;Drama;Ritt, Martin;1987;100;52;No
Yentl;Music;Streisand, Barbra;1983;134;46;No
Funny Girl;Music;Wyler, William;1968;151;30;Yes
Fellow Traveller;Drama;Towns, Philip Saville;1990;97;39;No
Dodesukaden;Drama;Kurosawa, Akira;1970;140;75;No
Sicilian, The;Drama;Cimino, Michael;1987;;41;No
So Ends Our Night;Drama;Cromwell, John;1941;117;2;No
Sword of the Valiant;Action;Weeks, Stephen;1984;102;5;No
Devils Wanton, The;Drama;Bergman, Ingmar;1949;78;66;No
Driving Miss Daisy;Drama;Beresford, Bruce;1989;99;6;Yes
Seventh Cross, The;Drama;;1991;111;35;No
Between Friends;Drama;Antonio, Lou;1983;105;54;No
Raintree County;Drama;Dmytryk, Edward;1957;173;74;No
Drivers Seat, The;Drama;Griffi, Giuseppe Patroni;1975;101;72;No
Reflections in a Golden Eye;Drama;Huston, John;1967;109;81;No
X, Y & Zee;Drama;Hutton, Brian G.;1972;110;87;No
Secret Ceremony;Drama;Losey, Joseph;1968;109;60;No
Cleopatra;Drama;Mankiewicz, Joseph L.;1963;243;80;No
Father of the Bride;Comedy;Minnelli, Vincente;1950;;54;No
Whos Afraid of Virginia Woolf?;Drama;Nichols, Mike;1992;130;82;Yes
A Little Night Music;Music;Prince, Harold;1977;110;61;No
Giant;Drama;Stevens, George;1956;201;61;Yes
Rumor Mill, The;Drama;Trikonis, Gus;1985;94;62;No
Lassie Come Home;Drama;Wilcox, Fred M;1943;90;79;No
Return Engagement;Drama;;1993;76;26;No
Hammersmith Is Out;Drama;;1972;108;80;No
Super Duper Bloopers;Comedy;;1991;60;21;No
Elizabeth Taylor Collection, The;Drama;;1991;;21;No
Ash Wednesday;Drama;;1973;99;54;No
Last Time I Saw Paris, The;Drama;;1991;117;13;No
Cimarron;Western;Ruggles, Wesley;1931;125;44;Yes
Apache Woman;Western;Corman, Roger;1992;83;32;No
Gary Numan - Berzerker;Music;;1984;;60;No
Mystic Pizza;Comedy;Petrie, Donald;1988;101;74;No
Dogfight;Action;Savoca, Nancy;1991;95;66;No
Adventures of Rex & Rinty, The;Western;Beebe, Ford;1935;234;87;No
Daphnis & Chloe;Music;Wimhurst, Jolyon;1988;60;85;No
Marathon;Comedy;Cooper, Jackie;1980;97;76;No
Fort Apache;Western;Ford, John;1948;127;4;No
Wee Willie Winkie;Drama;Ford, John;1937;100;78;No
Big Shots;Action;Mandel, Robert;1987;91;5;No
Doin Time on Planet Earth;Comedy;Matthau, Charles;1988;85;44;Yes
All the Right Moves;Drama;Chapman, Michael;1983;91;65;No
Some Kind of Wonderful;Drama;Deutch, Howard;1987;93;16;No
All New Tales from the Crypt, A Trilogy;Horror;Deutch, Howard;1990;87;33;No
Back to the Future;Comedy;Zemeckis, Robert;1985;116;9;No
Winter Light;Drama;Bergman, Ingmar;1963;80;2;No
Silence, The;Drama;Bergman, Ingmar;1963;95;79;No
Magician, The;Drama;Bergman, Ingmar;1959;100;3;No
Four Horsemen of the Apocalypse, The;Drama;Minnelli, Vincente;1961;154;71;No
Critical Condition;Comedy;Apted, Michael;1986;99;41;No
Center of the Web;Mystery;;1989;88;42;No
Border Shootout;Action;;1990;110;7;No
Lean on Me;Drama;Avildsen, John G.;1989;109;51;No
On Wings of Eagles;Drama;McLaglen, Andrew V.;1986;221;53;No
Texas;Western;Marshall, George;1941;94;79;No
Allegheny Uprising;Drama;Seiter, William A.;1939;80;53;No
Dark Command;Western;Walsh, Raoul;1940;95;52;No
Peggy Sue Got Married;Drama;Coppola, Francis Ford;1986;103;62;No
Dear America, Letters Home from Vietnam;War;Couturie, Bill;1989;84;57;No
Prizzis Honor;Comedy;Huston, John;1985;130;25;Yes
Man with Two Brains, The;Comedy;Reiner, Carl;1983;90;68;No
Crimes of Passion;Drama;Russell, Ken;1984;101;4;No
Jewel of the Nile, The;Action;Teague, Lewis;1985;106;68;No
Romancing the Stone;Action;Zemeckis, Robert ;1984;106;83;No
Accidental Tourist, The;Comedy;;1988;121;56;Yes
Sea Chase, The;War;Farrow, John;1955;117;4;No
Another Time, Another Place;Drama;;1958;98;4;No
Cannibal Women in the Avocado Jungle of Death;Comedy;Lawton, J.F.;1988;90;56;No
Mr Love.;Comedy;Battersby, Roy;1986;91;10;No
2001: A Space Odyssey;Science Fiction;Kubrick, Stanley;1968;139;83;No
Persona;Drama;Bergman, Ingmar;1966;81;81;Yes
Scenes from a Marriage;Drama;Bergman, Ingmar;1973;;3;Yes
Hour of the Wolf;Drama;Bergman, Ingmar;1968;88;37;No
Passion of Anna, The;Drama;Bergman, Ingmar;1969;101;6;No
Dangerous Moves;Drama;Dembo, Richard;1984;96;7;Yes
Sayonara;Drama;Logan, Joshua;1957;147;19;Yes
Where Eagles Dare;War;Hulton, Brian G.;1968;158;57;No
Teen Wolf;Drama;Daniel, Rod;1985;95;58;No
Amazon;Action;Kaurismäki, Mika;1990;88;30;No
Paper Chase, The;Drama;Bridges, James;1973;;7;Yes
Virgin Spring, The;Drama;Bergman, Ingmar;1959;88;8;Yes
Spiders Stratagem;Drama;Bertolucci, Bernardo;1970;97;45;No
Play Misty for Me;Mystery;Eastwood, Clint;1971;102;47;No
Going Ape;Comedy;Kronsberg, Jeremy Joe;1981;88;65;No
Cool Hand Luke;Drama;Rosenberg, Stuart;1967;127;49;Yes
Phantom of the Ritz;Horror;Plone, Allen;1988;89;85;No
Crash & Burn;Science Fiction;Band, Charles;1990;85;75;No
After Dark My Sweet;Mystery;Foley, James;1991;114;33;No
Christopher Columbus: The Discovery;Adventure;Glen, John;1992;121;39;No
Young Sherlock Holmes;Mystery;Levinson, Barry;1986;109;16;No
Doc Hollywood;Comedy;Caton-Jones, Michael;1991;104;64;No
Baja Oklahoma;Comedy;Roth, Bobby;1988;96;71;No
Aliens;Science Fiction;Cameron, James;1986;137;82;No
Alien Three;Science Fiction;Fincher, David;1992;115;59;No
Alien: resurrection;Science Fiction;Jeunet, Jean-Pierre;1997;109;60;No
Alien;Science Fiction;Scott, Ridley;1979;117;83;No
One Woman or Two;Comedy;Vigne, Daniel;1985;97;64;No
Soggy Bottom U. S. A.;Comedy;Flicker, Theodore J.;1984;96;50;No
Bang the Drum Slowly;Drama;Hancock, John D.;1973;96;73;No
Catamount Killing, The;Action;Zanussi, Krzystoff;1974;82;84;No
Fuzz;Action;Colla, Richard A.;1972;92;37;No
Shoot Loud, Louder, I Dont Understand!;Mystery;De Filippo, Eduardo;1966;101;70;No
Bedazzled;Comedy;Donen, Stanley;1967;107;67;No
Prince & the Pauper, The;Action;Fleischer, Richard;1977;120;86;No
One Hundred Rifles;Western;Gries, Tom;1969;110;48;No
Wild Party, The;Drama;Ivory, James;1975;90;75;No
Bandolero!;Western;McLaglen, Andrew V.;1968;106;9;No
Last of Sheila, The;Mystery;Ross, Herbert;1973;119;39;No
Hannie Caulder;Drama;;1972;87;9;No
Sounds of the Seventies...& the Beat Goes;Music;;1990;;13;No
Bird;Drama;Eastwood, Clint;1988;161;24;No
Meet Millie;Drama;;1955;60;82;No
Hell Comes to Frogtown;Science Fiction;Jackson, Donald G;1987;88;74;No
Fortune Cookie, The;Comedy;Wilder, Billy;1966;126;3;Yes
Sun Shines Bright, The;Action;Ford, John;1990;92;46;No
Squeeze, The;Action;Apted, Michael;1987;106;23;No
Start the Revolution Without Me;Comedy;Yorkin, Bud;1970;91;62;No
Major League;Comedy;Ward, David S.;1989;107;64;No
Bright Lights, Big City;Drama;Bridges, James;1990;108;30;No
Lost Boys, The;Horror;Schumacher, Joel;1987;97;67;No
Cookie;Comedy;Seidelman, Susan;1989;93;43;No
Conversation, The;Drama;Coppola, Francis Ford;1974;114;59;Yes
American Graffiti;Comedy;Lucas, George;1973;112;39;Yes
Dangerous When Wet;Music;Walters, Charles;1953;96;67;No
Stir Crazy;Comedy;Poitier, Sidney;1980;111;40;No
Young Einstein;Comedy;Serious, Yahoo;1989;91;47;No
Killing, The;Drama;Kubrick, Stanley;1956;83;51;No
Cahill, United States Marshal;Western;McLaglen, Andrew V.;1973;102;12;No
Savage Intruder, The;Horror;Wolfe, Donald;1989;90;24;No
Sheltering Sky, The;Drama;Bertolucci, Bernardo;1992;139;64;No
An Officer & a Gentleman;Drama;Hackford, Taylor;1982;125;1;Yes
Black Widow;Mystery;Rafelson, Bob;1987;101;54;No
Legal Eagles;Comedy;Reitman, Ivan;1986;116;39;No
Bloody Mama;Action;Corman, Roger;1970;90;17;No
A Patch of Blue;Drama;Green, Guy;1965;106;51;No
I Died a Thousand Times;Drama;Heisler, Stuart;1955;109;23;No
Tentacles;Horror;Hellman, Oliver;1977;90;62;No
Scalphunters, The;Western;Pollack, Sydney;1968;100;33;No
A Day in October;Drama;Madsen, Kenneth;1992;96;76;No
A Fistful of Dollars;Westerns;Leone, Sergio;1964;102;61;No
My Science Project;Comedy;Betnel, Jonathan;1985;94;84;No
Great Race, The;Comedy;Edwards, Blake;1991;160;88;No
Searchers, The;Western;Ford, John;1956;119;9;No
Meteor;Action;Neame, Ronald;1979;105;5;No
Rebel Without a Cause;Drama;Ray, Nicholas;1955;111;82;No
West Side Story;Music;Wise, Robert;1961;153;38;Yes
Trash;Comedy;Morrissey, Paul;1970;110;68;No
A Big Hand for the Little Lady;Comedy;Cook, Fielder;1966;95;12;No
A Fine Madness;Comedy;Kershner, Irvin;1966;104;6;No
Glass Menagerie, The;Drama;Newman, Paul;1987;134;68;No
Harry & Son;Drama;Newman, Paul;1989;117;57;No
Rachel, Rachel;Drama;Newman, Paul;1968;102;32;No
Paris Blues;Drama;Ritt, Martin;1961;98;54;No
Fugitive Kind, The;Drama;;1960;135;3;No
Mr. & Mrs. Bridge;Drama;;1993;;29;No
State of Grace;Drama;Joanou, Phil;1991;144;49;No
Shadow of a Doubt;Drama;Hitchcock, Alfred;1943;108;32;No
Men, The;Drama;Zinnemann, Fred;1950;85;27;No
Stage Fright;Mystery;Hitchcock, Alfred;1950;110;72;No
Magic Town;Drama;Wellman, William;1947;103;4;No
That Lucky Touch;Action;Miles, Christopher;1975;93;85;No
Lust for Gold;Drama;Simon, S. Sylvan;1949;90;57;No
Heat;Mystery;Jameson, Jerry;1987;103;69;No
Employees Entrance;Drama;;1993;75;0;No
Night Is My Future;Drama;Bergman, Ingmar;1947;87;17;No
Witches, The;Science Fiction;Roeg, Nicolas;1990;92;18;No
Vera Cruz;Action;Aldrich, Robert;1953;94;71;No
Apache;Western;Aldrich, Robert;1954;91;78;No
Twilights Last Gleaming;Drama;Aldrich, Robert;1977;146;84;No
Frisco Kid, The;Comedy;Aldrich, Robert;1979;119;10;No
Bank on the Stars;Drama;Allen, Craig;1954;30;;No
Law of Desire;Drama;Almodóvar, Pedro;1987;100;73;No
Quiller Memorandum, The;Mystery;Anderson, Michael;1966;103;34;No
Longest Day, The;War;Annakin, Ken;1962;183;7;No
Name of the Rose, The;Drama;Annaud, Jean-Jacques;1986;128;8;No
Bloodsport;Action;Arnold, Newt;1988;92;78;No
Torment;Horror;Aslanian, Samson;1986;85;8;No
Pelle the Conqueror;Drama;August, Bille;1988;138;14;Yes
Taps;Drama;Becker, Harold;1981;118;84;No
Freshman, The;Comedy;Bergman, Andrew;1991;102;32;No
Last Emperor, The;Drama;Bertolucci, Bernardo;1987;164;1;Yes
Grim Reaper, The;Drama;Bertolucci, Bernardo;1962;100;35;No
Le Dernier Combat;Drama;Besson, Luc;1983;90;72;No
Too Beautiful for You;Drama;Blier, Bertrand;1989;91;35;No
Fire, Ice & Dynamite;Action;Bogner, Willy;1991;105;72;No
Heavens Above;Comedy;Boulting, John;1963;113;38;No
One Eyed Jacks;Western;Brando, Marlon;1961;141;26;No
Swing It, Sailor!;Comedy;Cannon, Raymond;1937;61;83;No
Wolf at the Door, The;Drama;Carlsen, Henning;1987;94;68;No
Modern Times;Comedy;Chaplin, Charles;1936;87;4;No
Thunderbolt & Lightfoot;Action;Cimino, Michael;1991;114;16;No
A Nous la Liberte;Drama;Clair, Rene;1931;87;60;No
Scum;Action;Clarke, Alan;1979;95;68;No
Inside Man, The;Action;Clegg, Tom;1984;90;45;No
Apocalypse Now;Drama;Coppola, Francis Ford;1979;153;8;No
Bellboy & the Playgirls, The;Drama;Coppola, Francis Ford;1990;94;7;No
Terror, The;Horror;Corman, Roger;1963;81;88;No
Raven, The;Horror;Corman, Roger;1963;86;85;No
They Came from Within;Horror;Cronenberg, David;1975;87;21;No
Boy in Blue, The;Drama;Dale, Cynthia;1986;97;63;No
Killer Tomatoes Strike Back;Comedy;De Bello, John;1991;87;24;No
Attack of the Killer Tomatoes;Comedy;De Bello, John;1979;87;47;No
Untouchables, The;Drama;De Palma, Brian;1987;119;7;Yes
Wise Guys;Comedy;De Palma, Brian;1986;91;16;No
American Autobahn;Drama;Degas, Andre;1989;90;75;No
Final Alliance, The;Action;Di Leo, Mario;1990;94;10;No
Bounty, The;Drama;Donaldson, Roger;1984;130;25;No
Little Prince, The;Music;Donen, Stanley;1974;89;31;No
Posse;Western;Douglas, Kirk;1975;94;76;No
Firefox;Action;Eastwood, Clint;1982;136;64;No
Penitentiary III;Action;Fanaka, Jamaa;1987;91;82;No
Ginger & Fred;Comedy;Fellini, Federico;1993;;29;No
Wrong Box, The;Comedy;Forbes, Bryan;1966;107;40;No
Wagonmaster;Western;Ford, John;1990;86;1;No
They Were Expendable;War;Ford, John;1945;135;88;No
Last Hurrah, The;Drama;Ford, John;1991;125;46;No
Law of the Golden West;Western;Ford, Philip;1949;59;1;No
Pioneer Marshal;Western;Ford, Philip;1949;60;8;No
Ranger of the Cherokee Strip;Western;Ford, Philip;1949;60;31;No
Vanishing Westerner;Western;Ford, Philip;1950;60;6;No
Bandits of Dark Canyon;Western;Ford, Philip;1948;59;72;No
Bold Frontiersman, The;Western;Ford, Philip;1948;60;18;No
Wild Frontier, The;Western;Ford, Philip;1948;59;61;No
Firemens Ball, The;Comedy;Forman, Milos;1968;73;8;No
Local Hero;Comedy;Forsyth, Bill;1983;112;54;No
French Connection, The;Drama;Friedkin, William;1971;104;88;Yes
To Live & Die in L. A.;Action;Friedkin, William;1985;114;70;No
Ferry to Hong Kong;Drama;Gilbert, Lewis;1961;113;77;No
Eddie Murphy, Delirious;Comedy;Gower, Bruce;1983;69;6;No
Secret Policemans Private Parts, The;Comedy;Graef, Roger;1984;77;36;No
Up the Creek;Comedy;Guest, Val;1958;83;54;No
Yol;Drama;Guney, Yilmaz;1982;111;53;No
Sara Dane;Drama;Hardy, Rod;1989;150;75;No
Night Tide;Drama;Harrington, Curtis;1988;84;50;No
His Majesty OKeefe;Action;Haskin, Byron;1953;92;3;No
North to Alaska;Western;Hathaway, Henry;1960;122;31;No
Flight to Fury;Action;Hellman, Monte;1966;76;70;No
Ride in the Whirlwind;Western;Hellman, Monte;1966;82;26;No
Powderkeg;Western;Heyes, Douglas;1970;93;26;No
I Confess;Drama;Hitchcock, Alfred;1953;95;63;No
Thirty-Nine Steps, The;Science Fiction;Hitchcock, Alfred;1935;88;8;No
Topaz;Mystery;Hitchcock, Alfred;1969;126;12;No
Murder;Mystery;Hitchcock, Alfred;1930;95;50;No
Dial M for Murder;Mystery;Hitchcock, Alfred;1954;123;52;No
Young & Innocent;Mystery;Hitchcock, Alfred;1937;80;43;No
Creature from Black Lake;Horror;Houck, Joy, Jr.;1976;95;88;No
Chariots of Fire;Drama;Hudson, Hugh;1981;124;6;Yes
Monty Python Live at the Hollywood Bowl;Comedy;Hughes, Terry;1982;81;81;No
Man Who Would Be King, The;Drama;Huston, John;1975;129;6;No
Victory;Drama;Huston, John;1981;117;39;No
Kellys Heroes;War;Hutton, Brian G.;1970;146;84;No
Next of Kin;Mystery;Irvin, John;1989;109;63;No
Chattahoochee;Drama;Jackson, Mick;1990;96;30;No
Angelic Conversation, The;Comedy;Jarman, Derek;1985;82;41;No
Down by Law;Comedy;Jarmusch, Jim;1986;107;49;No
Killing Fields, The;Drama;Joffe, Roland;1984;141;6;Yes
Survival Zone;Action;Jones, Chris;1992;85;25;No
Monty Pythons Life of Brian;Comedy;Jones, Terry;1979;94;11;No
Monty Pythons the Meaning of Life;Comedy;Jones, Terry;1983;107;33;No
Red Tent, The;Action;Kalatozov, Mikhail;1971;121;7;No
Dakota;Western;Kane, Joseph;1945;82;27;No
Viva Zapata!;Drama;Kazan, Elia;1952;112;86;Yes
Green Berets, The;War;Kellogg, Ray;1968;133;36;No
Big Bad John;Action;Kennedy, Burt;1990;90;84;No
Ticket of Leave Man, The;Mystery;King, George;1937;71;45;No
D-Day, The Sixth of June;War;Koster, Henry;1956;106;84;No
Apprenticeship of Duddy Kravitz, The;Drama;Kotcheff, Ted;1974;121;64;Yes
A Clockwork Orange;Science Fiction;Kubrick, Stanley;1971;138;83;Yes
Full Metal Jacket;War;Kubrick, Stanley;1991;117;45;No
Sanshiro Sugata;Drama;Kurosawa, Akira;1943;82;85;No
Rhapsody in August;Drama;Kurosawa, Akira;1991;97;50;No
No Regrets for Our Youth;Drama;Kurosawa, Akira;1946;110;31;No
Bad Sleep Well, The;Drama;Kurosawa, Akira;1960;152;65;No
Idiot, The;Drama;Kurosawa, Akira;1951;166;40;No
Rashomon;Drama;Kurosawa, Akira;1951;83;59;Yes
Sanjuro;Mystery;Kurosawa, Akira;1962;96;6;No
Seven Samurai;Drama;Kurosawa, Akira;1955;200;9;No
Throne of Blood;Drama;Kurosawa, Akira;1957;110;60;No
Yojimbo;Action;Kurosawa, Akira;1961;110;60;No
Kagemusha;Drama;Kurosawa, Akira;1980;161;74;Yes
Ikiru;Drama;Kurosawa, Akira;1952;134;36;No
Empire of Spiritual Ninja;Action;Lambert, Bruce;1987;90;26;No
Ninja, the Violent Sorcerer;Action;Lambert, Bruce;1986;90;;No
Metropolis;Science Fiction;Lang, Fritz;1926;139;49;No
Cloak & Dagger;Mystery;Lang, Fritz;1946;106;55;No
Spiders;Drama;Lang, Fritz;1920;137;29;No
Human Desire;Drama;Lang, Fritz;1954;90;27;No
Spies;Drama;Lang, Fritz;1928;130;49;No
Testament of Dr. Mabuse, The;Drama;Lang, Fritz;1933;120;4;No
Fury;Drama;Lang, Fritz;1991;95;48;No
Mo Better Blues;Drama;Lee, Spike;1990;129;78;No
Matt Talbot;Drama;Lennon, Biddy W.;1989;30;35;No
Will Rogers, Look Back in Laughter;Comedy;Leo, Malcolm;1989;55;6;No
For a Few Dollars More;Westerns;Leone, Sergio;1991;130;34;No
Thirty Seconds over Tokyo;War;LeRoy, Mervyn;1944;139;45;No
Class of 1984;Drama;Lester, Mark L.;1982;93;23;No
Juggernaut;Action;Lester, Richard;1974;109;63;No
Good Morning, Vietnam;Comedy;Levinson, Barry;1987;120;37;No
Blood on the Sun;Drama;Lloyd, Frank;1945;94;76;No
Paint Your Wagon;Music;Logan, Joshua;1969;161;46;No
Ensign Pulver;Comedy;Logan, Joshua;1964;105;16;No
Street People;Action;Lucidi, Maurizio;1976;92;25;No
Manhunt, The;Action;Ludman, Larry;1984;83;34;No
Operation Nam;War;Ludman, Larry;1987;85;37;No
Fighting Seabees, The;War;Ludwig, Edward;1944;100;35;No
Let It Rock;Drama;Lynch, David;1988;75;32;No
Eraserhead;Horror;Lynch, David;1978;90;2;No
Ladykillers, The;Comedy;Mackendrick, Alexander;1955;87;28;No
Sweet Smell of Success;Drama;Mackendrick, Alexander;1957;97;12;No
And Now for Something Completely Different;Comedy;MacNaughton, Ian;1971;88;44;No
Crackers;Action;Malle, Louis;1984;92;17;No
Green Glove;Drama;Mate, Rudolph;1991;89;54;No
Menace on the Mountain;Action;McEveety, Vincent;1970;89;69;No
In Old California;Western;McGann, William;1940;90;27;No
Thirty Is a Dangerous Age, Cynthia;Comedy;McGrath, Joseph;1967;85;28;No
Ffolkes;Action;McLaglen, Andrew V.;1980;99;62;No
Chisum;Western;McLaglen, Andrew V.;1970;111;72;No
Hunt for Red October, The;Drama;McTiernan, John;1990;135;8;No
Closely Watched Trains;Drama;Menzel, Jiri;1966;123;75;Yes
Executive Action;Drama;Miller, David;1973;91;6;No
Flying Tigers;Action;Miller, David;1942;101;61;No
Fathers Little Dividend;Comedy;Minnelli, Vincente;1991;87;52;No
An Evening with Robin Williams;Comedy;Mischer, Don;1982;92;68;No
Eddie Murphy Raw;Comedy;Murphy, Eddie;1987;90;51;No
Harlem Nights;Comedy;Murphy, Eddie;1989;118;11;No
Santee;Western;Nelson, Gary;1973;93;47;No
Good Father, The;Drama;Newell, Mike;1987;90;42;No
Sometimes a Great Notion;Drama;Newman, Paul;1971;115;7;No
Catch Twenty-Two;Comedy;Nichols, Mike;1970;117;50;No
Dark Age;Action;Nicholson, Arch;1988;90;3;No
Deadline;Mystery;Nicholson, Arch;1981;94;9;No
Mysterious Mr. Wong;Mystery;Nigh, William;1935;60;71;No
A Month in the Country;Drama;OConnor, Pat;1988;92;57;No
Prom Night III, The Last Kiss;Horror;Oliver, Ron;1990;97;29;No
Blood in, Blood Out;Drama;Olmos, Edward James;1990;;88;No
Wrong Arm of the Law, The;Comedy;Owen, Cliff;1989;94;25;No
Orphans;Drama;Pakula, Alan J.;1987;116;21;No
All the Presidents Men;Drama;Pakula, Alan J.;1976;139;45;Yes
J-Men Forever;Action;Patterson, Richard;1987;73;59;No
Wild Bunch, The;Western;Peckinpah, Sam;1969;144;50;No
Judgement in Berlin;Drama;Penn, Leo;1988;92;13;No
Hot Line, The;Comedy;Perier, Etienne;1993;;70;No
Rocket Gibraltar;Drama;Petrie, Daniel;1988;100;26;No
Yakuza, The;Action;Pollack, Sydney;1975;112;16;No
Jeremiah Johnson;Drama;Pollack, Sydney;1972;116;88;No
Burn!;Drama;Pontecorvo, Gillo;1970;112;75;No
Magnum Force;Action;Post, Ted;1973;122;28;No
Cyborg;Action;Pyun, Albert;1989;86;31;No
Prisoner of Zenda, The;Comedy;Quine, Richard;1979;108;12;No
Scream;Horror;Quisenberry, Byron;1983;86;24;No
Assault, The;Drama;Rademakers, Fons;1986;140;71;Yes
Flying Leathernecks;Action;Ray, Nicholas;1951;102;23;No
What Comes Around;Drama;Reed, Jerry;1985;92;49;No
Mon Oncle DAmerique;Comedy;Resnais, Alain;1980;123;71;No
Culpepper Cattle Company, The;Western;Richards, Dick;1972;92;29;No
Survivors, The;Comedy;Ritchie, Michael;1983;102;52;No
Roadhouse Sixty-Six;Action;Robinson, John Mark;1984;96;20;No
Burning Poles, Cecil Taylor in Performance;Music;Rochlin, Sheldon;1991;60;82;No
Russkies;Action;Rosenthal, Rick;1987;98;87;No
My Blue Heaven;Comedy;Ross, Herbert;1990;96;63;No
Altered States;Science Fiction;Russell, Ken;1990;103;22;No
Cowboys, The;Western;Rydell, Mark;1972;128;58;No
Code Name, Emerald;Drama;Sanger, Jonathan;1985;95;22;No
Patton;War;Schaffner, Franklin J.;1970;170;8;Yes
Midnight Cowboy;Drama;Schlesinger, John;1969;123;33;Yes
Falcon & the Snowman, The;Drama;Schlesinger, John;1985;131;61;No
Maitresse;Drama;Schroeder, Barbet;1976;112;39;No
Disorderlies;Comedy;Schultz, Michael;1987;86;69;No
Raging Bull;Drama;Scorsese, Martin;1991;;25;No
Garrison Keillors Home;Comedy;Sevush, Herb;1991;60;6;No
Overland Stage Raiders;Western;Sherman, George;1938;55;83;No
Pals of the Saddle;Western;Sherman, George;1938;55;33;No
Alone in the Dark;Horror;Sholder, Jack;1982;92;75;No
Beguiled, The;Drama;Siegel, Don;1971;109;60;No
Escape from Alcatraz;Drama;Siegel, Don;1979;112;22;No
Criss Cross;Drama;Siodmak, Robert;1948;88;77;No
Midway;War;Smight, Jack;1976;132;36;No
Indiana Jones & the Last Crusade;Action;Spielberg, Steven;1990;126;8;No
Duel;Mystery;Spielberg, Steven;1993;90;48;No
Separate but Equal;Drama;Stevens, George, Jr.;1991;193;56;No
Gosta Berlings Saga;Drama;Stiller, Mauritz;1924;123;63;No
Platoon;Drama;Stone, Oliver;1986;120;8;Yes
Crawling Hand, The;Science Fiction;Strock, Herbert L.;1963;89;79;No
Willy Wonka & the Chocolate Factory;Music;Stuart, Mel;1971;100;65;No
Joe Kidd;Western;Sturges, John;1971;88;79;No
Santa Claus, The Movie;Comedy;Szwarc, Jeannot;1985;104;19;No
Boys Town;Drama;Taurog, Norman;1938;96;21;Yes
Erasure, Live Wild!;Music;Taylor, Gavin;1990;59;48;No
A Question of Honor;Drama;Taylor, Jud;1982;150;80;No
Check Your Guns;Western;Taylor, Ray;1947;61;80;No
West to Glory;Western;Taylor, Ray;1947;56;43;No
Throwback, The;Western;Taylor, Ray;1937;60;53;No
Border Feud;Action;Taylor, Ray;1992;54;43;No
Fighting Vigilantes, The;Western;Taylor, Ray;1947;58;21;No
Law of the Lash;Western;Taylor, Ray;1947;53;66;No
Outlaw Country;Western;Taylor, Ray;1949;66;62;No
Return of the Lash;Action;Taylor, Ray;1992;53;78;No
Mystery of the Hooded Horsemen;Western;Taylor, Ray;1937;60;52;No
Tex Rides with the Boy Scouts;Western;Taylor, Ray;1937;60;17;No
Shadows of the West;Western;Taylor, Ray;1949;59;40;No
Instant Karma;Comedy;Taylor, Roderick;1991;102;47;No
Time Lock;Drama;Thomas, Gerald;1957;73;5;No
Appointment in Honduras;Drama;Tourneur, Jacques;1953;79;7;No
Danton;Drama;Wajda, Andrzej;1982;136;5;No
Alamo, The;Action;Wayne, John;1960;164;29;No
La Chevre, (The Goat);Drama;Veber, Francis;1986;91;24;No
Les Comperes;Comedy;Veber, Francis;1985;109;54;No
Dead Poets Society;Drama;Weir, Peter;1990;128;8;Yes
Othello, The Lost Masterpiece;Drama;Welles, Orson;1952;93;23;No
Battleground, The;War;Wellman, William;1949;119;7;No
Kings of the Road (In the Course of Time);Drama;Wenders, Wim;1976;176;41;No
Hiroshima;Drama;Werner, Peter;1990;98;17;No
Return of Martin Guerre, The;Drama;Vigne, Daniel;1982;111;51;No
Somebody up There Likes Me;Drama;Wise, Robert;1956;97;56;No
Jack Benny Show;Comedy;;1955;57;51;No
Mutiny on the Bounty;Action;;1962;182;35;No
Death Valley Days, Deadly Decision;Western;;1989;;9;No
Monty Pythons Flying Circus;Comedy;;1986;60;4;No
Monty Pythons Flying Circus, Vol 1.;Comedy;;1986;60;24;No
Monty Pythons Flying Circus, Vol 2.;Comedy;;1986;59;79;No
Monty Pythons Flying Circus, Vol 3.;Comedy;;1986;58;63;No
Valkenvania;Comedy;;1990;;82;No
Secret Policemans Other Ball, The;Comedy;;1982;101;86;No
Taming of the Shrew, The;Drama;;1981;127;2;No
From Russia with Love;Action;;1964;;6;No
Offence, The;Mystery;;1993;108;6;No
Hollywood Mavericks;Comedy;;1992;60;22;No
Live at Harrahs;Comedy;;1990;60;6;No
Persuaders, The Overture, The;Mystery;;1992;52;40;No
Nineteen Hundred;Drama;;1977;255;82;No
Van, The;Comedy;;1989;90;5;No
My Country Right or Wrong;War;;1972;15;21;No
Clint Eastwood Collection, The;Westerns;;1991;;11;No
Complete Dirty Harry, Magnum Force, The;Action;;1991;;53;No
Dead Pool, The;Action;;1992;92;26;No
Good, the Bad & the Ugly, The;Westerns;;1992;163;68;No
Rawhide, Premiere Episode;Western;;1959;60;54;No
Tightrope;Mystery;;1992;118;55;No
Hearts of Fire;Drama;;1987;95;25;No
How the West Was Won;Western;;1992;165;45;No
Mummys Hand, The;Mystery;;1992;;54;No
Great White Death;Action;;1993;88;26;No
Mosquito Coast, The;Drama;;1986;119;54;No
Today We Kill....Tomorrow We Die;Western;;1993;102;25;No
Tormenta Sobre Arizona;Drama;;1991;;81;No
Back to the Future II;Comedy;;1989;116;65;No
Maverick, Duel at Sundown;Western;;1959;60;26;No
Shakespeare Series;Drama;;1983;;23;No
Deadly Trackers;Western;;1973;105;54;No
American Film Institute, Alfred Hitchcock;Mystery;;1992;72;70;No
A Married Man;Drama;;1990;;79;No
Othello;Drama;;1982;208;84;No
Only Way Home, The;Drama;;1975;85;60;No
Tales of Tomorrow;Horror;;1953;120;0;No
Inherit the Wind;Drama;;1991;128;18;No
This Is Horror;Horror;;1990;45;3;No
Conversation Piece;Drama;;1992;112;1;No
Crimson Pirate, The;Action;;1992;105;60;No
Devils Disciple, The;Mystery;;1992;83;65;No
Hallelujah Trail, The;Drama;;1992;166;6;No
Train, The;Action;;1992;133;68;No
Jay Leno: The American Dream;Comedy;;1986;49;67;No
Primal Rage;Mystery;;1990;92;3;No
Industrial Symphony, The Dream of the Broken-Hearted;Music;;1990;50;49;No
Howie Mandels North American Watusi Tour;Comedy;;1986;52;65;No
Branford Marsalis, Steep;Music;;1989;90;52;No
L. A. Story;Comedy;;1991;98;81;No
Steve Martin Live!;Comedy;;1986;60;3;No
Steve Martin, The Funnier Side of Eastern Canada;Comedy;;1974;60;34;No
Runaway Barge, The;Action;;1993;;38;No
Romulus & the Sabines;Action;;1992;101;76;No
Saint, The;Mystery;;1989;;29;No
Strange Brew;Comedy;;1983;91;24;No
Another Forty-Eight Hours;Action;;1990;98;54;No
Best of Eddie Murphy, Saturday Night Live, The;Comedy;;1989;;56;No
What about Bob?;Comedy;;1991;99;6;No
Mummys Revenge, The;Horror;;1953;91;56;No
Harper;Mystery;;1992;121;86;No
Left Handed Gun, The;Western;;1992;102;26;No
Once upon a Wheel;Action;;1989;;40;No
Prize, The;Drama;;1992;136;66;No
Secret War of Harry Frigg, The;Comedy;;1968;;28;No
Two Jakes, The;Mystery;;1990;;3;No
Exile in Concert;Music;;1989;61;12;No
Joe Piscopo New Jersey Special;Comedy;;1987;60;14;No
Joe Piscopo Video, The;Comedy;;1991;60;44;No
Death Valley Days, No Gun Behind His Badge;Western;;1989;;1;No
Salsa: The Motion Picture;Drama;;1988;96;26;No
Hollywoods Greatest War Movies;War;;1991;80;41;No
Out for Justice;Action;;1991;91;2;No
Case of the Mukkinese Battle Horn, The;Comedy;;1956;27;45;No
Goon Show Movie, The;Comedy;;1953;75;80;No
Great McGonagall, The;Comedy;;1975;95;72;No
Im All Right Jack;Comedy;;1991;101;23;No
Magic Christian, The;Comedy;;1991;101;75;No
Never Let Go;Action;;1960;91;5;No
Pink Panther, The;Comedy;;1991;121;77;No
Two-Way Stretch;Comedy;;1991;84;7;No
Face at the Window, The;Horror;;1988;65;79;No
Tom Thumb;Science Fiction;;1958;92;30;No
Beartooth;Action;;1989;90;70;No
James Taylor in Concert;Music;;1979;90;38;No
Gangbusters;Drama;;1942;253;31;No
El Rublo de las Dos Caras;Action;;1992;;83;No
Law & Jake Wade, The;Drama;;1992;87;68;No
Chuka;Western;;1967;105;47;No
Cry of the Innocent;Drama;;1980;93;13;No
Edison the Man;Drama;;1991;108;19;No
Keeper of the Flame;Drama;;1991;101;76;No
Spencer Tracy Legacy, The;Comedy;;1991;92;44;No
Cheyenne, The Iron Trail;Western;;1957;60;1;No
Dawn Rider, The;Western;;1992;56;44;No
Duke, The Films of John Wayne;Western;;1993;;70;No
Frontier Horizon;Western;;1939;55;73;No
Hell Town;Western;;1934;54;23;No
Hurricane Express;Western;;1932;;7;No
Hurricane Express, The;Action;;1932;210;68;No
In Harms Way;War;;1965;165;66;No
John Wayne Collection, Red River, The;War;;1991;;49;No
John Wayne Collectors Limited Edition;War;;1992;;3;No
John Wayne Four Pack;Western;;1991;;58;No
John Wayne Matinee Double Feature, No. 2;Western;;1939;112;3;No
John Wayne Matinee Double Feature, No. 3;Western;;1939;110;24;No
John Wayne Matinee Double Feature, No. 4;Western;;1938;110;28;No
John Wayne Six Pack;Western;;1990;;87;No
John Wayne Western Greats, Rio Bravo;Western;;1991;;22;No
King of the Pecos;Western;;1991;56;78;No
Lawless Frontier;Western;;1992;59;8;No
Lawless Frontier, The;Western;;1991;52;35;No
Lawless Nineties, The;Western;;1991;56;3;No
Lucky Texan;Western;;1934;54;48;No
McQ;Action;;1992;112;5;No
Neath Arizona Skies;Western;;1993;;73;No
Neath the Arizona Skies;Western;;1991;54;28;No
Randy Rides Alone;Western;;1991;53;75;No
Range Feud;Western;;1993;58;77;No
Red River;Western;;1992;134;16;No
Riders of Destiny;Western;;1991;52;30;No
Sagebrush Trail;Western;;1990;;23;No
Shadow of the Eagle, The;Action;;1932;226;19;No
Blood & Guns;Action;;1989;103;43;No
Hot Money;Drama;;1988;78;19;No
Comedy Tonight;Comedy;;1977;75;18;No
Robin Williams;Comedy;;1991;65;4;No